,iteration,start_time,end_time,val_mse
0,1,1631666710.2840912,1631666718.5104787,2272.411376953125
1,2,1631666718.5139313,1631666729.3010378,2272.14111328125
2,3,1631666729.304518,1631666743.216384,2271.8037109375
3,4,1631666743.2229416,1631666755.2800624,2271.903076171875
4,5,1631666755.2835252,1631666769.8451014,2272.5185546875
5,6,1631666769.8508918,1631666782.5568264,2271.92919921875
6,7,1631666782.5630553,1631666798.915517,2272.0966796875
7,8,1631666798.921272,1631666816.670177,2271.822265625
8,9,1631666816.675928,1631666830.9651155,2271.988037109375
