,iteration,start_time,end_time,val_mse
0,1,1632065429.1911514,1632065435.6084704,105.85066223144531
1,2,1632065435.6156783,1632065441.4642599,103.61944580078125
2,3,1632065441.4723253,1632065448.1434004,105.86808013916016
3,4,1632065448.1499977,1632065454.7955234,101.14283752441406
