,iteration,start_time,end_time,val_mse
0,1,1632066430.3320866,1632066438.958272,104.96866607666016
1,2,1632066438.9659505,1632066448.2538896,105.46015930175781
2,3,1632066448.263275,1632066456.6995635,103.36619567871094
