,iteration,start_time,end_time,val_mse
0,1,1631656487.0918286,1631656492.1608727,1813.4166259765625
1,2,1631656492.163883,1631656497.660224,1641.1639404296875
2,3,1631656497.6635497,1631656506.4068055,1794.806640625
3,4,1631656506.4112809,1631656511.6356237,1797.3865966796875
4,5,1631656511.6390133,1631656518.332441,1798.971923828125
5,6,1631656518.3373935,1631656524.8806791,1821.3856201171875
6,7,1631656524.885174,1631656531.2084317,1813.157958984375
7,8,1631656531.2129493,1631656537.736883,1805.697998046875
8,9,1631656537.7414243,1631656544.2663383,1785.046630859375
