,iteration,start_time,end_time,val_mse
0,1,1632065380.2002656,1632065386.6115835,106.05535888671875
1,2,1632065386.619186,1632065392.8187077,106.61711120605469
2,3,1632065392.8268373,1632065399.8369944,101.44707489013672
3,4,1632065399.8450823,1632065405.7615771,108.75127410888672
