,iteration,start_time,end_time,val_mse
0,1,1631665419.5583959,1631665427.7751422,2271.776123046875
1,2,1631665427.7783303,1631665436.250116,2271.722900390625
2,3,1631665436.2536235,1631665448.8252869,2271.841064453125
3,4,1631665448.8318255,1631665460.5701098,2266.493408203125
4,5,1631665460.5732462,1631665476.4236693,2271.69873046875
5,6,1631665476.4278297,1631665491.405165,2271.780517578125
6,7,1631665491.4095175,1631665507.15211,2271.773193359375
7,8,1631665507.156756,1631665522.0193532,2271.92431640625
8,9,1631665522.023555,1631665536.6215038,2271.689208984375
