,iteration,start_time,end_time,val_mse
0,1,1631647936.2664948,1631647938.7664347,109.62561798095703
1,2,1631647938.7692943,1631647941.412635,114.13224029541016
2,3,1631647941.416358,1631647943.957814,110.54887390136719
3,4,1631647943.9632227,1631647945.6751757,108.43417358398438
4,5,1631647945.6784518,1631647947.7847457,107.72346496582031
5,6,1631647947.7880893,1631647949.4275348,107.28227233886719
6,7,1631647949.4308834,1631647951.4827032,98.95413208007812
7,8,1631647951.4858155,1631647953.8697708,103.22116088867188
8,9,1631647953.872919,1631647954.290587,105.40127563476562
