,iteration,start_time,end_time,val_mse
0,1,1632067057.8150103,1632067066.4469552,104.0515365600586
1,2,1632067066.454759,1632067075.1951973,108.42253875732422
2,3,1632067075.2046826,1632067084.5431268,101.75859069824219
