,iteration,start_time,end_time,val_mse
0,1,1631655816.5979671,1631655821.6825576,1750.340087890625
1,2,1631655821.6859884,1631655826.7416642,1792.310302734375
2,3,1631655826.7450845,1631655831.8097017,1800.4410400390625
3,4,1631655831.8131137,1631655836.8733666,1805.927978515625
4,5,1631655836.8768008,1631655842.0115628,1805.8048095703125
5,6,1631655842.0150259,1631655847.0716848,1802.4525146484375
6,7,1631655847.075097,1631655852.1493657,1804.213623046875
7,8,1631655852.1533153,1631655857.2105472,1789.806884765625
8,9,1631655857.2139966,1631655862.2832365,1802.1217041015625
