,iteration,start_time,end_time,val_mse
0,1,1632066970.052751,1632066978.681216,109.50458526611328
1,2,1632066978.689003,1632066989.388195,111.77701568603516
2,3,1632066989.3978105,1632067002.0516129,103.01884460449219
