,iteration,start_time,end_time,val_mse
0,1,1631663811.573729,1631663819.785798,2271.855712890625
1,2,1631663819.7888265,1631663827.8496187,2273.760986328125
2,3,1631663827.8535686,1631663838.3430252,2272.02880859375
3,4,1631663838.3470378,1631663852.9332047,2275.8603515625
4,5,1631663852.9375362,1631663868.841843,2271.82177734375
5,6,1631663868.8474603,1631663884.0592465,2272.254150390625
6,7,1631663884.0636647,1631663901.895874,2271.135986328125
7,8,1631663901.899691,1631663914.43125,2206.604736328125
8,9,1631663914.4355304,1631663933.0036528,2271.6611328125
