,iteration,start_time,end_time,val_mse
0,1,1631647994.9980063,1631647997.4885237,129.07919311523438
1,2,1631647997.4913752,1631647999.9872873,119.80388641357422
2,3,1631647999.9906518,1631648002.49188,109.55506134033203
3,4,1631648002.495712,1631648004.9871023,108.47297668457031
4,5,1631648004.9904864,1631648007.4849057,105.97874450683594
5,6,1631648007.4881485,1631648009.979113,109.57261657714844
6,7,1631648009.9824834,1631648012.4778728,125.71498107910156
7,8,1631648012.4812016,1631648014.9707618,111.84912109375
8,9,1631648014.9741287,1631648017.4657266,118.25062561035156
