,iteration,start_time,end_time,val_mse
0,1,1632064967.7476158,1632064974.216588,101.34999084472656
1,2,1632064974.2237878,1632064980.8361168,105.97197723388672
2,3,1632064980.844172,1632064986.4503763,107.12031555175781
3,4,1632064986.4583726,1632064993.6475239,111.00543975830078
