,iteration,start_time,end_time,val_mse
0,1,1631647572.2248788,1631647574.7234497,112.738525390625
1,2,1631647574.7262034,1631647578.1679308,102.56005859375
2,3,1631647578.171654,1631647580.8432212,110.25605010986328
3,4,1631647580.8476892,1631647584.4865153,119.66828918457031
4,5,1631647584.4897227,1631647586.5126598,103.59797668457031
5,6,1631647586.5168679,1631647588.0155666,107.41654968261719
6,7,1631647588.018736,1631647590.7476735,101.01763153076172
7,8,1631647590.7508795,1631647591.9155843,101.32764434814453
8,9,1631647591.9186525,1631647593.6083255,101.85691833496094
