,iteration,start_time,end_time,val_mse
0,1,1632066071.57055,1632066080.1955104,104.07127380371094
1,2,1632066080.2036314,1632066088.990247,106.60623168945312
2,3,1632066088.998785,1632066098.201317,103.94473266601562
