,iteration,start_time,end_time,val_mse
0,1,1631654713.889596,1631654718.9488323,1780.9368896484375
1,2,1631654718.9518278,1631654723.6130145,1799.12451171875
2,3,1631654723.6162274,1631654729.4887958,1797.5517578125
3,4,1631654729.4935648,1631654736.2384434,1801.796630859375
4,5,1631654736.241534,1631654744.7275858,1797.2581787109375
5,6,1631654744.7324479,1631654755.3048482,1800.7144775390625
6,7,1631654755.3092055,1631654765.0487063,1799.32568359375
7,8,1631654765.053055,1631654775.3742847,1804.9200439453125
8,9,1631654775.3776605,1631654786.7070742,1805.7965087890625
