,iteration,start_time,end_time,val_mse
0,1,1631653083.8095827,1631653088.8836713,1802.4639892578125
1,2,1631653088.886454,1631653092.8189716,1790.6998291015625
2,3,1631653092.822248,1631653098.4920125,1799.783203125
3,4,1631653098.4958718,1631653103.1423728,1805.755126953125
4,5,1631653103.1456413,1631653110.5550113,1807.4097900390625
5,6,1631653110.5584416,1631653117.2798388,1797.247314453125
6,7,1631653117.283204,1631653124.4330902,1793.7803955078125
7,8,1631653124.436711,1631653131.6209292,1799.8330078125
8,9,1631653131.624871,1631653139.4227178,1790.5264892578125
