,iteration,start_time,end_time,val_mse
0,1,1631647418.9773595,1631647421.474271,121.63156127929688
1,2,1631647421.4769914,1631647423.9528515,107.90814208984375
2,3,1631647423.9559171,1631647428.002069,124.38517761230469
3,4,1631647428.0057757,1631647431.1443832,110.06647491455078
4,5,1631647431.1475694,1631647434.1351025,118.22225189208984
5,6,1631647434.1382897,1631647437.110569,102.88341522216797
6,7,1631647437.114516,1631647440.5656765,106.1539077758789
7,8,1631647440.5694907,1631647443.1608515,102.02311706542969
8,9,1631647443.1646924,1631647446.0679033,100.88896942138672
