,iteration,start_time,end_time,val_mse
0,1,1631662433.1172338,1631662441.346233,2272.154541015625
1,2,1631662441.3496656,1631662450.1638923,2271.729248046875
2,3,1631662450.1673622,1631662461.9353867,2272.019287109375
3,4,1631662461.9400413,1631662471.7601566,2247.781005859375
4,5,1631662471.7657619,1631662485.163656,2271.4609375
5,6,1631662485.1686206,1631662498.3217177,2271.973388671875
6,7,1631662498.3271716,1631662512.7843618,2271.97607421875
7,8,1631662512.7893994,1631662533.0752554,2271.713134765625
8,9,1631662533.081083,1631662552.0942655,2271.67041015625
