,iteration,start_time,end_time,val_mse
0,1,1631647593.7172196,1631647596.205896,103.99400329589844
1,2,1631647596.2086732,1631647599.5200837,107.78433227539062
2,3,1631647599.5233302,1631647602.8986228,106.97197723388672
3,4,1631647602.9019463,1631647605.8839293,110.37175750732422
4,5,1631647605.8869817,1631647608.309348,102.03981018066406
5,6,1631647608.3128495,1631647610.1901677,104.21575164794922
6,7,1631647610.1945496,1631647612.1934738,101.83885955810547
7,8,1631647612.1962967,1631647614.0707326,102.14234161376953
8,9,1631647614.0735257,1631647615.2108593,101.47770690917969
