,iteration,start_time,end_time,val_mse
0,1,1631665536.803271,1631665545.0234327,2272.29931640625
1,2,1631665545.026425,1631665553.3249063,2272.150390625
2,3,1631665553.328362,1631665561.55447,2272.00244140625
3,4,1631665561.5584233,1631665569.7672508,2272.135498046875
4,5,1631665569.770672,1631665577.9867,2271.895263671875
5,6,1631665577.990023,1631665586.2055972,2269.423583984375
6,7,1631665586.209546,1631665594.4290874,2272.40673828125
7,8,1631665594.4324672,1631665602.6486807,2271.752197265625
8,9,1631665602.6521,1631665610.8768578,2271.825439453125
