,iteration,start_time,end_time,val_mse
0,1,1631655136.5828636,1631655141.654201,1802.6146240234375
1,2,1631655141.6572149,1631655147.0189497,1814.924072265625
2,3,1631655147.022261,1631655154.4221723,1792.800048828125
3,4,1631655154.4272878,1631655159.9433012,1793.6845703125
4,5,1631655159.9471238,1631655167.2444797,1785.1260986328125
5,6,1631655167.2495751,1631655173.9597194,1795.7489013671875
6,7,1631655173.9644923,1631655181.0869973,1805.6217041015625
7,8,1631655181.0917835,1631655186.9159648,1792.6256103515625
8,9,1631655186.920006,1631655194.8657572,1794.7230224609375
