,iteration,start_time,end_time,val_mse
0,1,1631664026.558089,1631664034.7751265,2272.052490234375
1,2,1631664034.778097,1631664043.153445,2273.57958984375
2,3,1631664043.1572828,1631664052.9018555,2271.58251953125
3,4,1631664052.9053507,1631664064.7936497,2272.008056640625
4,5,1631664064.7976875,1631664078.3689744,2271.75439453125
5,6,1631664078.3724635,1631664095.3713481,2271.8642578125
6,7,1631664095.3752573,1631664109.769763,2271.722900390625
7,8,1631664109.7729938,1631664124.7799196,2271.932861328125
8,9,1631664124.7854471,1631664140.9367666,2271.7939453125
