,iteration,start_time,end_time,val_mse
0,1,1631648383.7649586,1631648386.2639267,106.94319915771484
1,2,1631648386.2668047,1631648388.7587647,128.9168701171875
2,3,1631648388.76208,1631648391.2535596,109.4249038696289
3,4,1631648391.256911,1631648393.7556145,119.29895782470703
4,5,1631648393.7594106,1631648396.2547827,109.36573028564453
5,6,1631648396.25815,1631648398.7448149,125.43140411376953
6,7,1631648398.748165,1631648401.239317,115.09529876708984
7,8,1631648401.2430441,1631648403.881967,114.9815444946289
8,9,1631648403.8854644,1631648406.3819704,107.54682159423828
