,iteration,start_time,end_time,val_mse
0,1,1631664664.334549,1631664672.551514,2272.024658203125
1,2,1631664672.5551126,1631664679.8434904,2271.795654296875
2,3,1631664679.8470054,1631664692.3425639,2271.511962890625
3,4,1631664692.3462105,1631664702.6453145,2272.01171875
4,5,1631664702.6508608,1631664711.400126,2272.350830078125
5,6,1631664711.4035263,1631664721.2230873,2272.240234375
6,7,1631664721.226507,1631664732.1853738,2271.9326171875
7,8,1631664732.1888185,1631664742.192486,2272.1201171875
8,9,1631664742.1959865,1631664752.33158,2272.37744140625
