,iteration,start_time,end_time,val_mse
0,1,1631666021.0350904,1631666029.2451785,2261.254150390625
1,2,1631666029.2489023,1631666037.9222367,2272.816162109375
2,3,1631666037.925873,1631666050.3237488,2271.787841796875
3,4,1631666050.3296053,1631666063.91846,2271.911865234375
4,5,1631666063.9237463,1631666080.2355723,2271.818603515625
5,6,1631666080.2389944,1631666097.0030444,2271.681884765625
6,7,1631666097.0088089,1631666110.3807688,2271.806640625
7,8,1631666110.3855853,1631666124.213327,2271.654296875
8,9,1631666124.2176847,1631666139.4723628,2271.647216796875
