,iteration,start_time,end_time,val_mse
0,1,1631648290.9682503,1631648293.4635725,112.03571319580078
1,2,1631648293.4664583,1631648296.745865,135.4266357421875
2,3,1631648296.749213,1631648300.4440613,109.04588317871094
3,4,1631648300.448738,1631648303.2924995,127.86964416503906
4,5,1631648303.2972217,1631648306.1115007,116.42007446289062
5,6,1631648306.1158142,1631648310.292746,124.4454116821289
6,7,1631648310.2971146,1631648313.7345371,120.08087921142578
7,8,1631648313.738847,1631648317.596186,116.59103393554688
8,9,1631648317.599448,1631648320.5973055,113.49382781982422
