,iteration,start_time,end_time,val_mse
0,1,1631654904.3827164,1631654909.4572034,1796.1737060546875
1,2,1631654909.4601226,1631654913.9738564,1793.0902099609375
2,3,1631654913.9772325,1631654919.356857,1814.7529296875
3,4,1631654919.360718,1631654923.3512375,1791.197509765625
4,5,1631654923.354646,1631654927.4986935,1806.181884765625
5,6,1631654927.502121,1631654931.4253302,1806.163818359375
6,7,1631654931.4287431,1631654937.076039,1781.87939453125
7,8,1631654937.079487,1631654943.088521,1792.42724609375
8,9,1631654943.092017,1631654947.3594468,1809.910400390625
