,iteration,start_time,end_time,val_mse
0,1,1631653933.9384801,1631653939.0092468,1806.0487060546875
1,2,1631653939.0122085,1631653943.5064597,1788.4765625
2,3,1631653943.5102856,1631653949.315079,1794.9864501953125
3,4,1631653949.3185084,1631653954.913299,1808.987060546875
4,5,1631653954.916755,1631653959.686217,1810.7197265625
5,6,1631653959.6895957,1631653964.953155,1807.408935546875
6,7,1631653964.9565077,1631653970.0526662,1805.9371337890625
7,8,1631653970.056003,1631653973.7561011,1803.1004638671875
8,9,1631653973.759996,1631653980.6047926,1786.443359375
