,iteration,start_time,end_time,val_mse
0,1,1631662316.6408055,1631662324.8619447,2218.181884765625
1,2,1631662324.8652878,1631662334.5270257,2271.75927734375
2,3,1631662334.5309377,1631662348.3566387,2272.103515625
3,4,1631662348.3605342,1631662360.6966777,2271.968505859375
4,5,1631662360.7005067,1631662376.059388,2272.166748046875
5,6,1631662376.063642,1631662391.3856099,2271.929443359375
6,7,1631662391.393777,1631662405.3982272,2271.833740234375
7,8,1631662405.4018774,1631662421.215241,2271.945068359375
8,9,1631662421.2205365,1631662432.9479287,2271.78857421875
