,iteration,start_time,end_time,val_mse
0,1,1632065991.9596093,1632066000.5970938,105.43946075439453
1,2,1632066000.604719,1632066010.1187692,106.14543914794922
2,3,1632066010.1275895,1632066019.173113,99.58673858642578
