,iteration,start_time,end_time,val_mse
0,1,1631647379.0989244,1631647381.5925612,112.10973358154297
1,2,1631647381.595308,1631647383.8691156,108.87996673583984
2,3,1631647383.8722725,1631647386.2005584,107.56887817382812
3,4,1631647386.2038298,1631647388.534891,106.73348999023438
4,5,1631647388.5380898,1631647390.675783,109.72592163085938
5,6,1631647390.6789205,1631647393.3426595,122.32067108154297
6,7,1631647393.3470502,1631647395.3651457,109.33104705810547
7,8,1631647395.369657,1631647396.858207,101.97595977783203
8,9,1631647396.8612592,1631647398.5370865,104.62805938720703
