,iteration,start_time,end_time,val_mse
0,1,1632067002.1365101,1632067010.7801046,102.84779357910156
1,2,1632067010.7879362,1632067021.1035612,102.41216278076172
2,3,1632067021.1127875,1632067031.6869953,106.88172149658203
