,iteration,start_time,end_time,val_mse
0,1,1631647398.6475022,1631647401.1373134,100.49744415283203
1,2,1631647401.140131,1631647403.8188612,103.12405395507812
2,3,1631647403.822145,1631647406.8035018,104.03832244873047
3,4,1631647406.8081162,1631647410.2657225,107.45293426513672
4,5,1631647410.2690444,1631647413.3403327,103.83586883544922
5,6,1631647413.343533,1631647414.939805,106.33568572998047
6,7,1631647414.9429653,1631647417.147759,102.90495300292969
7,8,1631647417.1509917,1631647417.9385746,104.14398193359375
8,9,1631647417.9415522,1631647418.870726,102.01802062988281
