,iteration,start_time,end_time,val_mse
0,1,1631667752.4293792,1631667760.6334963,2271.84228515625
1,2,1631667760.6365483,1631667768.6786692,2273.743408203125
2,3,1631667768.6819787,1631667781.442557,2271.78173828125
3,4,1631667781.4488137,1631667794.6681688,2273.310546875
4,5,1631667794.6738229,1631667810.5329194,2271.7587890625
5,6,1631667810.5395522,1631667824.0832903,2271.725341796875
6,7,1631667824.0892112,1631667839.0703633,2271.748779296875
7,8,1631667839.0761528,1631667853.1808238,2271.841064453125
8,9,1631667853.185209,1631667868.4723577,2271.79736328125
