,iteration,start_time,end_time,val_mse
0,1,1631647861.6617796,1631647864.156871,112.62071228027344
1,2,1631647864.1597514,1631647866.6409175,134.16627502441406
2,3,1631647866.6442668,1631647869.415027,112.68426513671875
3,4,1631647869.4183924,1631647872.454294,126.13291931152344
4,5,1631647872.4576442,1631647875.0429733,112.31901550292969
5,6,1631647875.0464106,1631647877.8540502,113.01414489746094
6,7,1631647877.8574276,1631647880.7631671,128.02081298828125
7,8,1631647880.7670329,1631647884.0712829,103.414306640625
8,9,1631647884.07465,1631647888.8047216,125.14395904541016
