,iteration,start_time,end_time,val_mse
0,1,1631647801.1390316,1631647803.8043742,124.85406494140625
1,2,1631647803.8073502,1631647806.3609693,108.88829803466797
2,3,1631647806.3641922,1631647808.8657587,104.26225280761719
3,4,1631647808.8702211,1631647811.3161736,103.56810760498047
4,5,1631647811.319418,1631647813.5911164,104.3204574584961
5,6,1631647813.5943484,1631647815.2301464,100.27473449707031
6,7,1631647815.2338047,1631647816.0295024,101.24618530273438
7,8,1631647816.0323713,1631647817.0064251,103.86012268066406
8,9,1631647817.009113,1631647817.933612,105.22802734375
