,iteration,start_time,end_time,val_mse
0,1,1632067195.880621,1632067204.690326,103.14239501953125
1,2,1632067204.6982539,1632067215.0027366,104.99989318847656
2,3,1632067215.0116563,1632067227.0103812,100.1089859008789
