,iteration,start_time,end_time,val_mse
0,1,1631656251.6936686,1631656256.7761216,1799.0655517578125
1,2,1631656256.7791574,1631656262.3525586,1808.908447265625
2,3,1631656262.3558276,1631656271.706049,1799.962646484375
3,4,1631656271.7106001,1631656279.1957135,1801.6357421875
4,5,1631656279.1994605,1631656288.767466,1804.9461669921875
5,6,1631656288.7717566,1631656297.6552355,1807.4732666015625
6,7,1631656297.659616,1631656306.36278,1800.881103515625
7,8,1631656306.3676062,1631656314.8276005,1805.260986328125
8,9,1631656314.8319438,1631656324.0771317,1805.2376708984375
