,iteration,start_time,end_time,val_mse
0,1,1631666834.304407,1631666842.5170636,2253.466064453125
1,2,1631666842.520193,1631666850.0162272,2269.793212890625
2,3,1631666850.0195763,1631666862.3791919,2272.195556640625
3,4,1631666862.384367,1631666872.1306791,2271.587158203125
4,5,1631666872.134596,1631666884.6919267,2272.275634765625
5,6,1631666884.6953237,1631666899.5635304,2271.8974609375
6,7,1631666899.5675244,1631666910.5428104,2271.765625
7,8,1631666910.5461295,1631666924.3046184,2271.783203125
8,9,1631666924.3084183,1631666937.6725261,2271.75537109375
