,iteration,start_time,end_time,val_mse
0,1,1631653980.7582884,1631653985.8282187,1740.99853515625
1,2,1631653985.831129,1631653990.8408399,1804.7239990234375
2,3,1631653990.8441677,1631653996.363408,1819.2005615234375
3,4,1631653996.3668044,1631654000.6267502,1798.893798828125
4,5,1631654000.6300318,1631654005.9324272,1815.4410400390625
5,6,1631654005.9362693,1631654009.9892092,1813.7386474609375
6,7,1631654009.992537,1631654015.45999,1812.2852783203125
7,8,1631654015.4634326,1631654020.5682805,1789.7490234375
8,9,1631654020.5716293,1631654027.0760853,1795.1866455078125
