,iteration,start_time,end_time,val_mse
0,1,1631654574.1332414,1631654579.2099545,1806.6866455078125
1,2,1631654579.2128816,1631654584.4115908,1818.2939453125
2,3,1631654584.4149277,1631654590.5527158,1798.6048583984375
3,4,1631654590.5566216,1631654598.006856,1806.4832763671875
4,5,1631654598.0103467,1631654606.5350413,1793.8514404296875
5,6,1631654606.5384655,1631654615.5584636,1804.8812255859375
6,7,1631654615.561847,1631654625.5797188,1793.32080078125
7,8,1631654625.5849004,1631654635.8181577,1798.0433349609375
8,9,1631654635.8229363,1631654645.8982358,1803.146728515625
