,iteration,start_time,end_time,val_mse
0,1,1631654454.152755,1631654459.2270887,1803.1131591796875
1,2,1631654459.2300014,1631654464.25709,1803.5234375
2,3,1631654464.2604988,1631654472.1712565,1799.4439697265625
3,4,1631654472.1772149,1631654481.2781248,1802.97705078125
4,5,1631654481.2816164,1631654488.1218672,1777.5555419921875
5,6,1631654488.125221,1631654497.093773,1802.6693115234375
6,7,1631654497.0976756,1631654504.553694,1810.7506103515625
7,8,1631654504.5587995,1631654510.8775833,1816.253173828125
8,9,1631654510.8810105,1631654518.7278771,1802.3388671875
