,iteration,start_time,end_time,val_mse
0,1,1631653556.1304998,1631653561.270869,1803.3203125
1,2,1631653561.273772,1631653567.327804,1804.0406494140625
2,3,1631653567.331061,1631653573.3780966,1799.595458984375
3,4,1631653573.3827734,1631653580.670577,1807.6141357421875
4,5,1631653580.676311,1631653588.0019822,1808.6551513671875
5,6,1631653588.005266,1631653594.5840042,1799.362548828125
6,7,1631653594.5874162,1631653601.3226852,1798.129638671875
7,8,1631653601.3260055,1631653606.3348737,1800.671875
8,9,1631653606.3381374,1631653611.5810392,1799.4920654296875
