,iteration,start_time,end_time,val_mse
0,1,1631647359.04095,1631647361.536101,122.63652801513672
1,2,1631647361.5388596,1631647363.472172,104.76536560058594
2,3,1631647363.475363,1631647366.6110368,107.13436126708984
3,4,1631647366.6142812,1631647368.6105266,107.70953369140625
4,5,1631647368.6142576,1631647370.4572196,106.46343231201172
5,6,1631647370.460504,1631647372.7868593,103.62425994873047
6,7,1631647372.7902098,1631647374.6018052,107.87356567382812
7,8,1631647374.605082,1631647377.0013225,106.32318115234375
8,9,1631647377.004629,1631647378.9962516,103.08828735351562
