,iteration,start_time,end_time,val_mse
0,1,1632064330.5254924,1632064336.9340239,103.37267303466797
1,2,1632064336.941777,1632064342.0540822,102.81956481933594
2,3,1632064342.0619664,1632064348.42371,103.7089614868164
3,4,1632064348.4297009,1632064355.485719,107.2593002319336
