,iteration,start_time,end_time,val_mse
0,1,1632066676.4688823,1632066685.0950031,104.3420181274414
1,2,1632066685.1032598,1632066692.988396,105.1946029663086
2,3,1632066692.9973013,1632066700.8296287,108.82295227050781
