,iteration,start_time,end_time,val_mse
0,1,1631655978.412563,1631655983.4883628,1804.93505859375
1,2,1631655983.491393,1631655989.4041576,1806.982177734375
2,3,1631655989.4075313,1631655996.23872,1810.9425048828125
3,4,1631655996.2440016,1631656001.9261498,1804.3375244140625
4,5,1631656001.931233,1631656008.0479665,1803.2625732421875
5,6,1631656008.053828,1631656015.272433,1813.75732421875
6,7,1631656015.2777705,1631656021.5038223,1797.8251953125
7,8,1631656021.5091627,1631656029.5055602,1793.8477783203125
8,9,1631656029.5090792,1631656040.4670026,1798.05126953125
