,iteration,start_time,end_time,val_mse
0,1,1631667193.8416665,1631667202.0637898,2272.412841796875
1,2,1631667202.0672085,1631667210.28627,2271.5302734375
2,3,1631667210.2899027,1631667218.5738297,2257.33935546875
3,4,1631667218.5773776,1631667226.79552,2272.09228515625
4,5,1631667226.7989302,1631667235.0075512,2271.937255859375
5,6,1631667235.0109763,1631667243.2352765,2267.47509765625
6,7,1631667243.239379,1631667251.4606934,2272.2578125
7,8,1631667251.464183,1631667259.6917381,2271.935791015625
8,9,1631667259.6951747,1631667267.9026685,2213.43994140625
