,iteration,start_time,end_time,val_mse
0,1,1631668301.7956192,1631668310.0292928,2271.905517578125
1,2,1631668310.0322351,1631668319.2679906,2277.01708984375
2,3,1631668319.2714946,1631668330.7512898,2255.615966796875
3,4,1631668330.7566514,1631668341.0092428,2272.337158203125
4,5,1631668341.0149357,1631668352.144975,2272.222900390625
5,6,1631668352.1515985,1631668366.6506371,2272.048095703125
6,7,1631668366.6565208,1631668383.16178,2271.954345703125
7,8,1631668383.1685388,1631668397.3741808,2271.990478515625
8,9,1631668397.3801255,1631668411.2861521,2271.7939453125
