,iteration,start_time,end_time,val_mse
0,1,1631662552.310643,1631662560.5265105,2215.974365234375
1,2,1631662560.529876,1631662568.6683528,2263.243408203125
2,3,1631662568.6716495,1631662579.824678,2270.48681640625
3,4,1631662579.827991,1631662590.59356,2271.885986328125
4,5,1631662590.5969412,1631662602.4697487,2271.7265625
5,6,1631662602.474482,1631662611.0402348,2270.44482421875
6,7,1631662611.044896,1631662622.408281,2271.78515625
7,8,1631662622.4129136,1631662635.3230817,2271.7841796875
8,9,1631662635.32677,1631662647.0574932,2271.696533203125
