,iteration,start_time,end_time,val_mse
0,1,1631655000.3272362,1631655005.5257335,1800.8779296875
1,2,1631655005.5286827,1631655010.745717,1813.41845703125
2,3,1631655010.7496722,1631655018.5748754,1803.8922119140625
3,4,1631655018.5803447,1631655026.8069086,1789.501953125
4,5,1631655026.812475,1631655036.1439655,1797.99853515625
5,6,1631655036.1496189,1631655044.0607777,1806.7818603515625
6,7,1631655044.0668802,1631655054.4778805,1800.599609375
7,8,1631655054.4834352,1631655062.5542376,1796.4400634765625
8,9,1631655062.559684,1631655073.5148075,1799.86962890625
