,iteration,start_time,end_time,val_mse
0,1,1631648745.5043128,1631648747.997768,123.47150421142578
1,2,1631648748.0006907,1631648750.230532,110.74003601074219
2,3,1631648750.2338252,1631648753.3056982,105.24366760253906
3,4,1631648753.3100853,1631648755.8147557,112.52210235595703
4,5,1631648755.8194916,1631648759.1884155,115.3561782836914
5,6,1631648759.1926975,1631648761.357592,110.86693572998047
6,7,1631648761.361572,1631648763.947534,105.889892578125
7,8,1631648763.951656,1631648765.851438,106.08277893066406
8,9,1631648765.8554592,1631648766.7978425,104.3525161743164
