,iteration,start_time,end_time,val_mse
0,1,1632066855.5677533,1632066864.1968043,103.4520034790039
1,2,1632066864.2050881,1632066873.2813103,102.44464111328125
2,3,1632066873.290289,1632066881.8983495,109.80079650878906
