,iteration,start_time,end_time,val_mse
0,1,1631665611.1269271,1631665619.3383846,2260.76123046875
1,2,1631665619.3419194,1631665626.6630085,2272.526611328125
2,3,1631665626.6664248,1631665635.7711024,2252.08984375
3,4,1631665635.7746594,1631665644.360116,2272.128662109375
4,5,1631665644.3635895,1631665655.5428352,2271.229248046875
5,6,1631665655.5467298,1631665668.2096713,2272.2783203125
6,7,1631665668.213551,1631665680.041715,2272.2255859375
7,8,1631665680.0461116,1631665696.397253,2273.600830078125
8,9,1631665696.4011393,1631665710.6470757,2271.929931640625
