,iteration,start_time,end_time,val_mse
0,1,1631664756.816062,1631664765.0286906,2271.95361328125
1,2,1631664765.0316935,1631664775.366063,2273.1171875
2,3,1631664775.3706205,1631664795.761019,2272.308837890625
3,4,1631664795.7673206,1631664812.5677118,2272.529541015625
4,5,1631664812.5756283,1631664829.268655,2271.751220703125
5,6,1631664829.2724364,1631664845.4813092,2276.968994140625
6,7,1631664845.4881423,1631664864.9043827,2271.90966796875
7,8,1631664864.9112937,1631664882.4998472,2272.389404296875
8,9,1631664882.5067213,1631664898.412619,2270.45263671875
