,iteration,start_time,end_time,val_mse
0,1,1631665011.2358718,1631665019.4314802,2269.567626953125
1,2,1631665019.4344969,1631665027.8268843,2259.37451171875
2,3,1631665027.8307867,1631665037.592232,2262.11962890625
3,4,1631665037.5957105,1631665047.8103502,2271.765625
4,5,1631665047.8138154,1631665061.04592,2271.96240234375
5,6,1631665061.0498753,1631665075.4990659,2271.7822265625
6,7,1631665075.5041595,1631665088.660957,2271.8369140625
7,8,1631665088.6669128,1631665098.64647,2271.72900390625
8,9,1631665098.6498444,1631665111.5300841,2271.93115234375
