,iteration,start_time,end_time,val_mse
0,1,1631648513.5864737,1631648516.0807064,126.09988403320312
1,2,1631648516.0837522,1631648518.611013,128.27903747558594
2,3,1631648518.6144125,1631648521.4955246,107.16986083984375
3,4,1631648521.4998791,1631648524.152239,110.6250228881836
4,5,1631648524.1555572,1631648527.316469,100.26539611816406
5,6,1631648527.3197036,1631648529.38962,106.90209197998047
6,7,1631648529.392931,1631648531.816928,106.3583755493164
7,8,1631648531.821819,1631648534.2774458,110.90763092041016
8,9,1631648534.2807868,1631648536.1872818,105.55189514160156
