,iteration,start_time,end_time,val_mse
0,1,1631654027.1965082,1631654032.273609,1804.951904296875
1,2,1631654032.277025,1631654037.5307195,1784.822021484375
2,3,1631654037.5340984,1631654043.8138988,1811.03076171875
3,4,1631654043.817261,1631654049.0461571,1813.85009765625
4,5,1631654049.0495055,1631654054.9219398,1810.8636474609375
5,6,1631654054.9253254,1631654060.312002,1806.246337890625
6,7,1631654060.3153896,1631654069.0402954,1798.8419189453125
7,8,1631654069.046119,1631654079.099956,1803.506103515625
8,9,1631654079.105794,1631654088.0858638,1751.478515625
