,iteration,start_time,end_time,val_mse
0,1,1632066046.929382,1632066055.5669963,100.39924621582031
1,2,1632066055.5751204,1632066063.9420636,110.72087097167969
2,3,1632066063.9509134,1632066071.4704254,113.20629119873047
