,iteration,start_time,end_time,val_mse
0,1,1631648718.8725982,1631648721.3695364,117.32691955566406
1,2,1631648721.3724396,1631648723.657524,130.84063720703125
2,3,1631648723.6608138,1631648727.439724,105.79692077636719
3,4,1631648727.445363,1631648730.3679185,108.26878356933594
4,5,1631648730.3721008,1631648733.6017737,107.45796203613281
5,6,1631648733.606709,1631648736.294538,107.1375503540039
6,7,1631648736.2979543,1631648739.2043204,107.15686798095703
7,8,1631648739.2096527,1631648743.0005414,110.03401947021484
8,9,1631648743.0050619,1631648745.3866765,106.98021697998047
