,iteration,start_time,end_time,val_mse
0,1,1631654648.7890315,1631654653.8565712,1797.2586669921875
1,2,1631654653.85959,1631654659.2038875,1792.6778564453125
2,3,1631654659.207181,1631654666.3573086,1799.4044189453125
3,4,1631654666.3626964,1631654672.6182148,1796.7357177734375
4,5,1631654672.6215546,1631654681.30361,1785.3504638671875
5,6,1631654681.3075547,1631654689.6465535,1799.5675048828125
6,7,1631654689.6499853,1631654696.6641223,1799.677734375
7,8,1631654696.6673682,1631654705.845175,1794.62255859375
8,9,1631654705.849605,1631654713.7623572,1800.6151123046875
