,iteration,start_time,end_time,val_mse
0,1,1631655544.9402013,1631655550.003711,1793.515380859375
1,2,1631655550.0066586,1631655556.6708078,1825.080322265625
2,3,1631655556.6745257,1631655562.0619912,1808.70556640625
3,4,1631655562.0653777,1631655569.7624035,1807.0650634765625
4,5,1631655569.766689,1631655576.932848,1804.0867919921875
5,6,1631655576.9372387,1631655584.1124754,1804.7652587890625
6,7,1631655584.1172419,1631655592.6352258,1812.123046875
7,8,1631655592.6395135,1631655601.3837054,1804.774658203125
8,9,1631655601.387157,1631655610.4647477,1806.6494140625
