,iteration,start_time,end_time,val_mse
0,1,1631655076.0629394,1631655081.1364377,1799.3870849609375
1,2,1631655081.1394482,1631655086.3361962,1806.416259765625
2,3,1631655086.3394868,1631655091.6636841,1802.345458984375
3,4,1631655091.667165,1631655097.1765234,1797.06103515625
4,5,1631655097.1798863,1631655104.7693691,1799.4071044921875
5,6,1631655104.7733119,1631655111.4345822,1800.0322265625
6,7,1631655111.4378684,1631655119.3301647,1799.1458740234375
7,8,1631655119.3336308,1631655126.6876557,1806.79052734375
8,9,1631655126.6928287,1631655133.6970484,1795.60400390625
