,iteration,start_time,end_time,val_mse
0,1,1631668504.983985,1631668513.20443,2261.839599609375
1,2,1631668513.2075112,1631668523.9875119,2277.8935546875
2,3,1631668523.9909008,1631668536.5395372,2278.303955078125
3,4,1631668536.5457373,1631668547.7317293,2267.069580078125
4,5,1631668547.737395,1631668560.6400986,2271.993896484375
5,6,1631668560.645864,1631668571.887341,2271.956298828125
6,7,1631668571.8935888,1631668587.3754723,2270.462646484375
7,8,1631668587.3813386,1631668599.8003218,2271.881103515625
8,9,1631668599.8042054,1631668613.6184173,2271.74267578125
