,iteration,start_time,end_time,val_mse
0,1,1632066208.806392,1632066217.4305348,105.80679321289062
1,2,1632066217.4381967,1632066226.7140996,106.04959106445312
2,3,1632066226.7228668,1632066236.8416486,106.46028900146484
