,iteration,start_time,end_time,val_mse
0,1,1632069577.743681,1632069606.4618976,2271.921142578125
1,2,1632069606.4703102,1632069636.8984723,2265.3173828125
2,3,1632069636.9081216,1632069671.9927678,2271.83642578125
