,iteration,start_time,end_time,val_mse
0,1,1631662115.7766237,1631662123.9761565,2271.822998046875
1,2,1631662123.979047,1631662130.9909346,2253.28271484375
2,3,1631662130.9942808,1631662138.2588634,2272.091064453125
3,4,1631662138.2627196,1631662146.290453,2271.9287109375
4,5,1631662146.2938914,1631662155.6895685,2271.910888671875
5,6,1631662155.6928697,1631662167.3483908,2271.86376953125
6,7,1631662167.3518083,1631662181.0091798,2271.912353515625
7,8,1631662181.0153317,1631662191.0149798,2260.736572265625
8,9,1631662191.0184972,1631662205.4234178,2272.281005859375
