,iteration,start_time,end_time,val_mse
0,1,1632065123.8840587,1632065130.2832685,104.50804138183594
1,2,1632065130.2904248,1632065137.0782497,101.76256561279297
2,3,1632065137.086259,1632065143.2798383,106.00070190429688
3,4,1632065143.2878292,1632065150.542793,102.71287536621094
