,iteration,start_time,end_time,val_mse
0,1,1632067418.1783574,1632067426.88447,99.93099975585938
1,2,1632067426.8922534,1632067437.1865716,105.93705749511719
2,3,1632067437.1962733,1632067448.1613474,115.46855926513672
