,iteration,start_time,end_time,val_mse
0,1,1631653045.7022145,1631653050.772263,1811.378662109375
1,2,1631653050.7750602,1631653055.1234074,1803.8896484375
2,3,1631653055.1267192,1631653060.147571,1766.81396484375
3,4,1631653060.1509953,1631653063.479761,1809.75439453125
4,5,1631653063.4829612,1631653067.298531,1809.402099609375
5,6,1631653067.3017771,1631653070.9456384,1794.050537109375
6,7,1631653070.9492133,1631653076.1184506,1793.27001953125
7,8,1631653076.1229556,1631653079.836595,1795.2381591796875
8,9,1631653079.8398566,1631653083.7080212,1804.519775390625
