,iteration,start_time,end_time,val_mse
0,1,1632065454.879893,1632065461.3579602,107.1410140991211
1,2,1632065461.365115,1632065467.5736663,102.73937225341797
2,3,1632065467.5818348,1632065475.5594985,100.61976623535156
3,4,1632065475.5654557,1632065484.4195805,102.71501922607422
