,iteration,start_time,end_time,val_mse
0,1,1631653004.211298,1631653009.2837858,1800.780029296875
1,2,1631653009.287102,1631653014.0566947,1804.6082763671875
2,3,1631653014.060035,1631653018.195576,1803.095703125
3,4,1631653018.198981,1631653023.7064342,1821.7777099609375
4,5,1631653023.711788,1631653028.1089694,1796.0875244140625
5,6,1631653028.1123006,1631653032.9023275,1805.771484375
6,7,1631653032.9058375,1631653036.071863,1808.5078125
7,8,1631653036.075018,1631653040.6806564,1808.38916015625
8,9,1631653040.6844049,1631653045.5847867,1798.974609375
