,iteration,start_time,end_time,val_mse
0,1,1631664279.7524078,1631664287.969871,2271.65673828125
1,2,1631664287.9728737,1631664295.44151,2273.109130859375
2,3,1631664295.4448245,1631664304.9844766,2272.10546875
3,4,1631664304.9903696,1631664314.3061895,2271.552001953125
4,5,1631664314.310012,1631664333.6838973,2271.869140625
5,6,1631664333.6893718,1631664350.897877,2271.73193359375
6,7,1631664350.9033911,1631664368.552117,2271.68212890625
7,8,1631664368.5588331,1631664385.1285586,2271.80419921875
8,9,1631664385.1330764,1631664405.4639595,2271.80517578125
