,iteration,start_time,end_time,val_mse
0,1,1632066019.2816436,1632066027.9088373,101.3103256225586
1,2,1632066027.9165044,1632066037.0498915,102.58761596679688
2,3,1632066037.0585492,1632066046.820836,105.38656616210938
