,iteration,start_time,end_time,val_mse
0,1,1631667505.3459218,1631667513.5607636,2272.041259765625
1,2,1631667513.5642083,1631667523.0116897,2272.814208984375
2,3,1631667523.0150673,1631667535.934952,2271.738037109375
3,4,1631667535.939469,1631667548.424633,2259.385986328125
4,5,1631667548.42991,1631667562.2569056,2272.475830078125
5,6,1631667562.2614188,1631667575.553342,2272.7724609375
6,7,1631667575.5584147,1631667589.5484338,2271.887939453125
7,8,1631667589.552994,1631667602.649837,2260.581298828125
8,9,1631667602.6541507,1631667615.6472828,2271.820068359375
