,iteration,start_time,end_time,val_mse
0,1,1631668411.5078824,1631668419.725744,2257.906005859375
1,2,1631668419.7291179,1631668428.6998777,2260.764404296875
2,3,1631668428.7032943,1631668439.460168,2271.964111328125
3,4,1631668439.4647815,1631668450.6832252,2271.791748046875
4,5,1631668450.6880445,1631668460.9588373,2272.160888671875
5,6,1631668460.96325,1631668473.4895225,2272.16455078125
6,7,1631668473.4947639,1631668482.6192029,2271.97265625
7,8,1631668482.623768,1631668492.2448895,2271.791748046875
8,9,1631668492.2493472,1631668504.7080624,2271.80322265625
