,iteration,start_time,end_time,val_mse
0,1,1631648536.3707676,1631648538.864394,111.768310546875
1,2,1631648538.8672817,1631648541.4112504,120.3615493774414
2,3,1631648541.4145856,1631648545.1876671,111.71693420410156
3,4,1631648545.1933215,1631648548.9303975,108.81388854980469
4,5,1631648548.9337354,1631648551.006474,104.95127868652344
5,6,1631648551.0097659,1631648552.9029403,106.7067642211914
6,7,1631648552.9060915,1631648555.7449477,105.30718994140625
7,8,1631648555.7481432,1631648559.1535523,102.97032928466797
8,9,1631648559.1580565,1631648560.797739,102.09835815429688
