,iteration,start_time,end_time,val_mse
0,1,1631653391.5642712,1631653396.6409755,1781.5655517578125
1,2,1631653396.6437922,1631653401.721747,1810.4588623046875
2,3,1631653401.7255445,1631653406.7942107,1799.58642578125
3,4,1631653406.7976081,1631653411.8694246,1811.52783203125
4,5,1631653411.8728483,1631653416.9362507,1809.7039794921875
5,6,1631653416.939532,1631653422.0848892,1801.545166015625
6,7,1631653422.0882492,1631653427.146063,1804.2872314453125
7,8,1631653427.1493645,1631653432.2162638,1802.104736328125
8,9,1631653432.220151,1631653437.293844,1763.7081298828125
