,iteration,start_time,end_time,val_mse
0,1,1632066485.0323482,1632066493.7316694,105.58926391601562
1,2,1632066493.7393985,1632066502.9686728,103.74268341064453
2,3,1632066502.9781923,1632066513.0530868,97.25088500976562
