,iteration,start_time,end_time,val_mse
0,1,1631663510.4963381,1631663518.7024865,2271.939208984375
1,2,1631663518.7057734,1631663528.1568809,2271.736328125
2,3,1631663528.1602795,1631663538.1818945,2270.854736328125
3,4,1631663538.1851215,1631663550.2631738,2271.84228515625
4,5,1631663550.267936,1631663563.562614,2271.775390625
5,6,1631663563.567038,1631663578.6596463,2271.83642578125
6,7,1631663578.6646163,1631663594.596134,2271.848876953125
7,8,1631663594.6010873,1631663609.875329,2271.97607421875
8,9,1631663609.8799765,1631663625.092994,2271.907958984375
