,iteration,start_time,end_time,val_mse
0,1,1631648162.8870292,1631648165.3847601,110.96263885498047
1,2,1631648165.3876076,1631648167.9617815,104.62337493896484
2,3,1631648167.965027,1631648171.7647817,106.44469451904297
3,4,1631648171.7691002,1631648174.5297916,101.37273406982422
4,5,1631648174.532966,1631648177.7715578,126.23652648925781
5,6,1631648177.7752805,1631648181.1656768,100.50474548339844
6,7,1631648181.1694455,1631648184.0399332,100.55638122558594
7,8,1631648184.044288,1631648185.951097,110.53385925292969
8,9,1631648185.955162,1631648187.6003804,108.62329864501953
