,iteration,start_time,end_time,val_mse
0,1,1631665710.9108987,1631665719.1434717,2272.445068359375
1,2,1631665719.146625,1631665727.308063,2273.62353515625
2,3,1631665727.3115947,1631665737.655135,2274.287109375
3,4,1631665737.6611333,1631665748.1394482,2272.676513671875
4,5,1631665748.1436107,1631665757.7941394,2273.18017578125
5,6,1631665757.797763,1631665767.7663827,2271.7724609375
6,7,1631665767.770047,1631665777.1837413,2269.501953125
7,8,1631665777.188679,1631665786.3975308,2271.98779296875
8,9,1631665786.4022317,1631665796.2216659,2271.74462890625
