,iteration,start_time,end_time,val_mse
0,1,1631653437.401236,1631653442.4692667,1815.758056640625
1,2,1631653442.472108,1631653447.6900895,1807.137451171875
2,3,1631653447.6934526,1631653453.6834302,1802.7794189453125
3,4,1631653453.686723,1631653459.5735765,1810.00732421875
4,5,1631653459.5793543,1631653464.963137,1812.060546875
5,6,1631653464.9668975,1631653470.4934843,1801.7158203125
6,7,1631653470.4968834,1631653475.9959912,1778.356201171875
7,8,1631653475.9993825,1631653482.0427532,1802.0091552734375
8,9,1631653482.046124,1631653488.534238,1807.806884765625
