,iteration,start_time,end_time,val_mse
0,1,1631653195.7196963,1631653200.7905548,1804.573486328125
1,2,1631653200.793449,1631653206.3578258,1830.0675048828125
2,3,1631653206.361193,1631653214.056794,1811.4400634765625
3,4,1631653214.0614636,1631653222.378086,1802.4638671875
4,5,1631653222.381949,1631653231.3418992,1803.734130859375
5,6,1631653231.3472154,1631653241.1831975,1804.988037109375
6,7,1631653241.1877625,1631653249.9481556,1808.4324951171875
7,8,1631653249.9530323,1631653260.116838,1795.603515625
8,9,1631653260.1211965,1631653270.341312,1801.462890625
