,iteration,start_time,end_time,val_mse
0,1,1632066909.6583316,1632066918.3622782,104.3615493774414
1,2,1632066918.3700855,1632066927.9986086,106.80022430419922
2,3,1632066928.0081215,1632066938.3048487,104.2580337524414
