,iteration,start_time,end_time,val_mse
0,1,1631653488.6717753,1631653493.753538,1804.402587890625
1,2,1631653493.75684,1631653499.9705234,1806.0638427734375
2,3,1631653499.9739366,1631653507.0797005,1803.6544189453125
3,4,1631653507.0831451,1631653514.006492,1803.9317626953125
4,5,1631653514.0117438,1631653521.754154,1799.2081298828125
5,6,1631653521.7580807,1631653528.4077477,1807.9854736328125
6,7,1631653528.4111714,1631653537.5936532,1802.76025390625
7,8,1631653537.598914,1631653545.0244617,1805.8212890625
8,9,1631653545.0278933,1631653554.438336,1803.1614990234375
