,iteration,start_time,end_time,val_mse
0,1,1632064561.3770475,1632064567.7887616,99.72185516357422
1,2,1632064567.7957983,1632064574.9426718,101.80674743652344
2,3,1632064574.9510772,1632064582.6523402,125.6319808959961
3,4,1632064582.6594884,1632064589.1606264,100.4979019165039
