,iteration,start_time,end_time,val_mse
0,1,1632065881.0211294,1632065889.6652863,102.77775573730469
1,2,1632065889.6728508,1632065898.6539574,103.58074188232422
2,3,1632065898.6628764,1632065908.758864,104.74376678466797
