,iteration,start_time,end_time,val_mse
0,1,1631648486.7102337,1631648489.2031193,112.88264465332031
1,2,1631648489.2060268,1631648492.6460485,154.47244262695312
2,3,1631648492.6493614,1631648496.082984,100.18596649169922
3,4,1631648496.0881665,1631648498.38833,127.83058166503906
4,5,1631648498.3916965,1631648501.6095338,121.72750854492188
5,6,1631648501.614597,1631648504.3709095,104.83826446533203
6,7,1631648504.376008,1631648507.9216218,105.87631225585938
7,8,1631648507.926802,1631648511.1127615,102.44284057617188
8,9,1631648511.1164117,1631648513.4819605,102.05242919921875
