,iteration,start_time,end_time,val_mse
0,1,1631647507.5516925,1631647510.0469632,122.0147476196289
1,2,1631647510.0497506,1631647513.116869,128.58712768554688
2,3,1631647513.1201258,1631647515.7573032,117.79718017578125
3,4,1631647515.7605999,1631647519.2196891,104.18128204345703
4,5,1631647519.2234378,1631647522.343916,105.85418701171875
5,6,1631647522.3471894,1631647525.2139971,103.18507385253906
6,7,1631647525.2173095,1631647527.4652278,101.96124267578125
7,8,1631647527.4686484,1631647530.3405473,105.71150970458984
8,9,1631647530.3438442,1631647532.4619944,104.31388854980469
