,iteration,start_time,end_time,val_mse
0,1,1631662921.646336,1631662929.943793,2271.471435546875
1,2,1631662929.9466567,1631662940.0103905,2272.205810546875
2,3,1631662940.014159,1631662949.1414773,2265.389892578125
3,4,1631662949.144817,1631662958.435192,2245.912841796875
4,5,1631662958.4384887,1631662969.02649,2272.031494140625
5,6,1631662969.0304275,1631662980.8556347,2262.711181640625
6,7,1631662980.8589802,1631662991.5775378,2272.51123046875
7,8,1631662991.5813725,1631663005.3654385,2271.782470703125
8,9,1631663005.3693156,1631663024.240339,2272.18017578125
