,iteration,start_time,end_time,val_mse
0,1,1631664565.996879,1631664574.2168353,2271.7431640625
1,2,1631664574.220448,1631664582.450232,2272.099609375
2,3,1631664582.4538748,1631664594.1212547,2243.693603515625
3,4,1631664594.1250803,1631664605.8685448,2271.668212890625
4,5,1631664605.8730073,1631664617.5415661,2263.518310546875
5,6,1631664617.5452003,1631664629.2134888,2272.727783203125
6,7,1631664629.2173333,1631664640.8468757,2271.884521484375
7,8,1631664640.8506205,1631664652.500863,2260.56640625
8,9,1631664652.5052352,1631664664.1436653,2271.866943359375
