,iteration,start_time,end_time,val_mse
0,1,1631668211.587278,1631668219.7967658,2271.881591796875
1,2,1631668219.7998166,1631668228.1179142,2276.94677734375
2,3,1631668228.1213362,1631668238.391667,2272.41015625
3,4,1631668238.3970406,1631668247.7410674,2271.175048828125
4,5,1631668247.745977,1631668257.1606631,2275.243408203125
5,6,1631668257.1654878,1631668269.4152598,2272.898193359375
6,7,1631668269.4205947,1631668279.9049594,2271.872802734375
7,8,1631668279.9098322,1631668291.5833163,2262.3134765625
8,9,1631668291.588929,1631668301.6057463,2271.798828125
