,iteration,start_time,end_time,val_mse
0,1,1632064481.6939232,1632064488.1701446,102.06755828857422
1,2,1632064488.17731,1632064493.910067,99.0140609741211
2,3,1632064493.9178722,1632064500.355719,102.31439208984375
3,4,1632064500.3637867,1632064507.538704,109.09649658203125
