,iteration,start_time,end_time,val_mse
0,1,1632065046.6527894,1632065053.1358874,105.87515258789062
1,2,1632065053.1431098,1632065059.542154,106.72794342041016
2,3,1632065059.5507913,1632065064.3522062,102.83531188964844
3,4,1632065064.3586724,1632065070.1587164,104.58563232421875
