,iteration,start_time,end_time,val_mse
0,1,1632066650.3347628,1632066658.9575105,100.53994750976562
1,2,1632066658.9658155,1632066667.7021492,103.39380645751953
2,3,1632066667.7110977,1632066676.382672,104.85223388671875
