,iteration,start_time,end_time,val_mse
0,1,1631666429.5698626,1631666437.7852736,2271.9912109375
1,2,1631666437.788207,1631666446.1112025,2274.803466796875
2,3,1631666446.1151116,1631666456.391145,2271.85986328125
3,4,1631666456.3960204,1631666465.6571782,2272.201904296875
4,5,1631666465.6620178,1631666475.425735,2268.232421875
5,6,1631666475.4310539,1631666486.926201,2273.072998046875
6,7,1631666486.931136,1631666499.089069,2272.0966796875
7,8,1631666499.0938315,1631666509.0923638,2271.799560546875
8,9,1631666509.0984633,1631666519.804471,2271.87255859375
