,iteration,start_time,end_time,val_mse
0,1,1631655475.018643,1631655480.1067042,1765.502197265625
1,2,1631655480.109669,1631655485.6138537,1816.7918701171875
2,3,1631655485.6172407,1631655494.218123,1801.051513671875
3,4,1631655494.223081,1631655501.9454997,1785.7705078125
4,5,1631655501.9496946,1631655509.283499,1807.8232421875
5,6,1631655509.287909,1631655517.028169,1799.9417724609375
6,7,1631655517.0326731,1631655525.9608793,1792.1519775390625
7,8,1631655525.9658177,1631655534.299905,1796.4368896484375
8,9,1631655534.3032756,1631655544.811555,1797.74951171875
