,iteration,start_time,end_time,val_mse
0,1,1631663933.2606015,1631663941.48243,2271.375244140625
1,2,1631663941.4859374,1631663949.8402731,2283.857421875
2,3,1631663949.8437064,1631663962.45864,2272.122802734375
3,4,1631663962.464017,1631663971.3977587,2272.00341796875
4,5,1631663971.403299,1631663981.2024202,2272.08447265625
5,6,1631663981.2058716,1631663993.063522,2272.1005859375
6,7,1631663993.0687096,1631664006.7963238,2272.38916015625
7,8,1631664006.799808,1631664013.3410623,2272.060791015625
8,9,1631664013.3462584,1631664026.3692007,2272.184814453125
