,iteration,start_time,end_time,val_mse
0,1,1631655247.9689145,1631655253.04268,1797.0203857421875
1,2,1631655253.0460682,1631655258.2870307,1808.418212890625
2,3,1631655258.2904525,1631655267.639035,1798.2965087890625
3,4,1631655267.6444373,1631655275.4570117,1796.1221923828125
4,5,1631655275.4615598,1631655284.336163,1800.2213134765625
5,6,1631655284.3412862,1631655292.5029864,1791.2982177734375
6,7,1631655292.5073187,1631655300.319878,1800.6373291015625
7,8,1631655300.3251286,1631655309.3162851,1793.98583984375
8,9,1631655309.3202302,1631655317.2010257,1793.8421630859375
