,iteration,start_time,end_time,val_mse
0,1,1631655195.015549,1631655200.0834093,1800.369140625
1,2,1631655200.08639,1631655204.7611032,1800.6962890625
2,3,1631655204.7644222,1631655211.649676,1808.5035400390625
3,4,1631655211.6546917,1631655218.654824,1800.2364501953125
4,5,1631655218.6580875,1631655225.349151,1796.3037109375
5,6,1631655225.3547602,1631655230.5439477,1797.8392333984375
6,7,1631655230.5488925,1631655235.810193,1802.907958984375
7,8,1631655235.8150446,1631655241.3344865,1804.88134765625
8,9,1631655241.3380916,1631655247.0262058,1795.02978515625
