,iteration,start_time,end_time,val_mse
0,1,1632064915.0572035,1632064921.4708095,98.69906616210938
1,2,1632064921.4779315,1632064928.2093942,105.75743103027344
2,3,1632064928.2173996,1632064934.9794085,103.86731719970703
3,4,1632064934.987992,1632064942.385744,106.27399444580078
