,iteration,start_time,end_time,val_mse
0,1,1631654947.5019414,1631654952.5737689,1801.1441650390625
1,2,1631654952.5771239,1631654957.6321743,1805.9493408203125
2,3,1631654957.6355956,1631654963.0285318,1807.473876953125
3,4,1631654963.0319262,1631654970.0671325,1803.818115234375
4,5,1631654970.0705845,1631654975.877842,1787.9873046875
5,6,1631654975.8813148,1631654982.0073342,1799.7904052734375
6,7,1631654982.011248,1631654988.3629456,1813.1685791015625
7,8,1631654988.3663774,1631654993.8029726,1796.4434814453125
8,9,1631654993.8063362,1631655000.2075324,1801.1142578125
