,iteration,start_time,end_time,val_mse
0,1,1631664146.8490973,1631664155.0588076,2272.1337890625
1,2,1631664155.0622208,1631664163.6488054,2272.09716796875
2,3,1631664163.6521168,1631664176.2329712,2266.874755859375
3,4,1631664176.2385347,1631664185.6397889,2271.36376953125
4,5,1631664185.643623,1631664201.5084832,2271.790771484375
5,6,1631664201.5119007,1631664219.7550626,2271.6494140625
6,7,1631664219.759881,1631664239.0141046,2271.765625
7,8,1631664239.0198846,1631664258.2963753,2271.512939453125
8,9,1631664258.3021061,1631664279.5699153,2271.7587890625
