,iteration,start_time,end_time,val_mse
0,1,1631663703.525519,1631663711.7354324,2271.620849609375
1,2,1631663711.7384152,1631663721.586235,2272.152099609375
2,3,1631663721.5901303,1631663733.3770413,2271.891845703125
3,4,1631663733.3814888,1631663745.2207117,2264.041259765625
4,5,1631663745.2248175,1631663761.5178409,2271.83203125
5,6,1631663761.5236957,1631663774.3461776,2273.108154296875
6,7,1631663774.3498638,1631663786.6438625,2271.73388671875
7,8,1631663786.6476955,1631663799.552042,2258.830078125
8,9,1631663799.556204,1631663811.3991866,2272.91552734375
