,iteration,start_time,end_time,val_mse
0,1,1631662205.589946,1631662213.8006878,2257.828125
1,2,1631662213.8035915,1631662220.1555076,2276.06494140625
2,3,1631662220.1588166,1631662229.8032572,2272.2119140625
3,4,1631662229.8071637,1631662242.1215286,2272.095703125
4,5,1631662242.124846,1631662257.0291483,2271.824951171875
5,6,1631662257.032541,1631662270.7625508,2271.986328125
6,7,1631662270.7663953,1631662282.1092227,2271.794677734375
7,8,1631662282.1132262,1631662295.6224947,2271.96630859375
8,9,1631662295.626884,1631662316.458391,2271.8125
