,iteration,start_time,end_time,val_mse
0,1,1631648606.0574105,1631648608.5533948,114.09383392333984
1,2,1631648608.556306,1631648611.0897458,113.4762954711914
2,3,1631648611.0930822,1631648614.211332,103.91159057617188
3,4,1631648614.216043,1631648616.4676054,131.6130828857422
4,5,1631648616.4709556,1631648618.1166098,103.19257354736328
5,6,1631648618.1199422,1631648620.5446784,131.5554656982422
6,7,1631648620.5479872,1631648622.6153114,106.38597869873047
7,8,1631648622.6186144,1631648625.104939,104.70787048339844
8,9,1631648625.1082718,1631648627.3121288,110.4538345336914
