,iteration,start_time,end_time,val_mse
0,1,1631654858.540319,1631654863.6861832,1817.138427734375
1,2,1631654863.6891072,1631654868.7546465,1782.8411865234375
2,3,1631654868.758026,1631654873.8230388,1798.1644287109375
3,4,1631654873.826394,1631654878.893099,1799.406494140625
4,5,1631654878.8965275,1631654883.955482,1803.9840087890625
5,6,1631654883.958745,1631654889.0355742,1807.4598388671875
6,7,1631654889.0394478,1631654894.111284,1799.4588623046875
7,8,1631654894.1146731,1631654899.17388,1805.984375
8,9,1631654899.177301,1631654904.2539494,1803.2491455078125
