,iteration,start_time,end_time,val_mse
0,1,1631654407.1903229,1631654412.2539651,1799.6480712890625
1,2,1631654412.2569652,1631654416.7682734,1800.66650390625
2,3,1631654416.7715683,1631654422.016638,1801.9530029296875
3,4,1631654422.0199544,1631654426.9621742,1759.7958984375
4,5,1631654426.965623,1631654431.745317,1809.3187255859375
5,6,1631654431.7486336,1631654437.4969625,1809.0865478515625
6,7,1631654437.5008829,1631654442.8547637,1805.385009765625
7,8,1631654442.8582625,1631654448.534871,1810.9727783203125
8,9,1631654448.53824,1631654454.0340598,1800.8760986328125
