,iteration,start_time,end_time,val_mse
0,1,1631647818.0367134,1631647820.533825,121.99314880371094
1,2,1631647820.5371592,1631647823.0261757,113.47766876220703
2,3,1631647823.029532,1631647825.521696,125.10535430908203
3,4,1631647825.5251777,1631647828.0173132,110.22502899169922
4,5,1631647828.0207136,1631647830.5914562,119.49691772460938
5,6,1631647830.594776,1631647833.0938199,108.70886993408203
6,7,1631647833.0971992,1631647835.583977,113.64008331298828
7,8,1631647835.5872862,1631647838.077466,113.47703552246094
8,9,1631647838.0807984,1631647840.574653,109.63026428222656
