,iteration,start_time,end_time,val_mse
0,1,1631667268.0950449,1631667276.3207462,2272.1298828125
1,2,1631667276.3237588,1631667285.1976345,2278.24951171875
2,3,1631667285.201027,1631667296.0239727,2272.750244140625
3,4,1631667296.0288675,1631667307.062477,2271.816162109375
4,5,1631667307.0679042,1631667319.043678,2271.710693359375
5,6,1631667319.0485938,1631667332.232092,2271.792236328125
6,7,1631667332.2375548,1631667346.8567314,2271.7919921875
7,8,1631667346.8616564,1631667360.459189,2272.847900390625
8,9,1631667360.4646938,1631667373.5460987,2271.97021484375
