,iteration,start_time,end_time,val_mse
0,1,1631663024.4206715,1631663032.6258042,2271.815185546875
1,2,1631663032.628725,1631663042.4190838,2271.67041015625
2,3,1631663042.4223406,1631663052.0192912,2272.14208984375
3,4,1631663052.0230713,1631663062.640112,2271.93701171875
4,5,1631663062.6450877,1631663076.6338236,2271.814697265625
5,6,1631663076.639151,1631663093.8046343,2271.904541015625
6,7,1631663093.8097548,1631663110.9041877,2271.927978515625
7,8,1631663110.9099765,1631663128.677478,2271.832763671875
8,9,1631663128.6827202,1631663145.0072203,2272.022216796875
