,iteration,start_time,end_time,val_mse
0,1,1632064589.258992,1632064595.647572,101.50669860839844
1,2,1632064595.6545713,1632064603.2229462,109.95075988769531
2,3,1632064603.2313433,1632064610.985516,106.64922332763672
3,4,1632064610.9924538,1632064619.55734,99.8338394165039
