,iteration,start_time,end_time,val_mse
0,1,1631654518.865958,1631654523.9300752,1771.5673828125
1,2,1631654523.93311,1631654529.1271684,1810.5556640625
2,3,1631654529.1310394,1631654538.5593705,1807.8916015625
3,4,1631654538.564912,1631654544.2852008,1803.6300048828125
4,5,1631654544.2886407,1631654551.083265,1814.2039794921875
5,6,1631654551.0866902,1631654558.1756754,1797.1240234375
6,7,1631654558.181503,1631654564.0630145,1813.5408935546875
7,8,1631654564.0664027,1631654567.9548767,1787.489990234375
8,9,1631654567.9582627,1631654574.0082128,1807.9283447265625
