,iteration,start_time,end_time,val_mse
0,1,1631647679.5736246,1631647682.1411126,116.8429946899414
1,2,1631647682.1440063,1631647684.6031098,130.00306701660156
2,3,1631647684.606393,1631647687.459305,125.84519958496094
3,4,1631647687.4643757,1631647690.7332668,107.7638931274414
4,5,1631647690.7366636,1631647692.7583554,118.42579650878906
5,6,1631647692.7615755,1631647695.984582,111.1401596069336
6,7,1631647695.9879024,1631647698.834405,111.622802734375
7,8,1631647698.8382053,1631647701.9959478,136.41824340820312
8,9,1631647701.999237,1631647705.6220224,136.67984008789062
