,iteration,start_time,end_time,val_mse
0,1,1631655364.660396,1631655369.7296422,1799.13720703125
1,2,1631655369.7330992,1631655374.8705857,1780.8585205078125
2,3,1631655374.873998,1631655381.4575355,1802.0484619140625
3,4,1631655381.4623415,1631655387.136873,1803.4052734375
4,5,1631655387.1416273,1631655391.8678298,1811.3935546875
5,6,1631655391.8725607,1631655397.838994,1800.340087890625
6,7,1631655397.8439088,1631655404.1837978,1774.06591796875
7,8,1631655404.1892462,1631655410.3738399,1797.6888427734375
8,9,1631655410.378707,1631655416.2292824,1800.203369140625
