,iteration,start_time,end_time,val_mse
0,1,1632066098.2957156,1632066106.9256668,99.13191223144531
1,2,1632066106.9332464,1632066116.3636682,102.33720397949219
2,3,1632066116.3727515,1632066128.6763942,102.3271255493164
