,iteration,start_time,end_time,val_mse
0,1,1632066541.805535,1632066550.4414446,101.48355102539062
1,2,1632066550.4491599,1632066559.9596894,100.09823608398438
2,3,1632066559.9685655,1632066570.1029294,118.4045181274414
