,iteration,start_time,end_time,val_mse
0,1,1631655416.3460867,1631655421.4105604,1809.392333984375
1,2,1631655421.413513,1631655427.1351628,1821.7525634765625
2,3,1631655427.1385694,1631655434.4866486,1813.8040771484375
3,4,1631655434.4920027,1631655441.4111662,1805.4853515625
4,5,1631655441.416848,1631655447.6573012,1806.271484375
5,6,1631655447.6621962,1631655454.2460403,1782.726806640625
6,7,1631655454.2509906,1631655461.854973,1785.0887451171875
7,8,1631655461.8604195,1631655467.9343188,1816.5704345703125
8,9,1631655467.9392316,1631655474.8914793,1820.4130859375
