,iteration,start_time,end_time,val_mse
0,1,1631647654.055584,1631647656.550144,135.77268981933594
1,2,1631647656.553009,1631647658.7554572,113.74738311767578
2,3,1631647658.75872,1631647661.6098187,120.32929229736328
3,4,1631647661.613131,1631647664.094728,120.52088928222656
4,5,1631647664.0980833,1631647667.5629478,120.99866485595703
5,6,1631647667.5663223,1631647670.5804856,105.4878158569336
6,7,1631647670.5841637,1631647673.4461505,112.26329040527344
7,8,1631647673.4494781,1631647676.2042677,109.20760345458984
8,9,1631647676.2075834,1631647679.4821737,113.35211181640625
