,iteration,start_time,end_time,val_mse
0,1,1631653272.370961,1631653277.448059,1807.5560302734375
1,2,1631653277.4508371,1631653282.4752696,1798.75927734375
2,3,1631653282.4790068,1631653288.0965161,1817.5068359375
3,4,1631653288.1015627,1631653295.2386913,1806.8834228515625
4,5,1631653295.2420135,1631653300.3151374,1802.683349609375
5,6,1631653300.3183334,1631653308.3596241,1798.455322265625
6,7,1631653308.364259,1631653315.4622774,1802.14697265625
7,8,1631653315.4667432,1631653323.2771108,1803.6370849609375
8,9,1631653323.280985,1631653331.8252273,1797.2611083984375
