,iteration,start_time,end_time,val_mse
0,1,1631653680.6058762,1631653685.6772735,1793.86083984375
1,2,1631653685.6801193,1631653692.6698916,1796.0423583984375
2,3,1631653692.6731653,1631653702.3943095,1790.623291015625
3,4,1631653702.3999867,1631653709.9346855,1784.4146728515625
4,5,1631653709.938089,1631653716.5475745,1781.3890380859375
5,6,1631653716.5517898,1631653724.1386466,1801.7518310546875
6,7,1631653724.1419864,1631653732.132587,1782.4051513671875
7,8,1631653732.136327,1631653741.6800776,1792.1953125
8,9,1631653741.6843953,1631653748.3216588,1793.26123046875
