,iteration,start_time,end_time,val_mse
0,1,1631647954.4224362,1631647956.922172,104.86347198486328
1,2,1631647956.925104,1631647959.2156858,110.83089447021484
2,3,1631647959.2189236,1631647962.6893616,99.23379516601562
3,4,1631647962.6937487,1631647965.5903685,107.96554565429688
4,5,1631647965.594515,1631647969.0894766,110.9818344116211
5,6,1631647969.0939202,1631647972.5900598,103.6533203125
6,7,1631647972.5943754,1631647975.027867,105.87744140625
7,8,1631647975.0322819,1631647976.0939684,101.3248519897461
8,9,1631647976.0971,1631647976.8444479,103.95925903320312
