,iteration,start_time,end_time,val_mse
0,1,1631647484.3028889,1631647486.7897532,106.41294860839844
1,2,1631647486.7925305,1631647489.3675802,123.2501449584961
2,3,1631647489.3713248,1631647491.9024558,141.86598205566406
3,4,1631647491.9057546,1631647494.6499028,137.48277282714844
4,5,1631647494.6532462,1631647497.3616612,118.36064910888672
5,6,1631647497.3647962,1631647499.577361,114.3557357788086
6,7,1631647499.5806973,1631647502.326912,114.4602279663086
7,8,1631647502.3305645,1631647504.8168283,122.14482116699219
8,9,1631647504.820122,1631647507.4510474,113.73170471191406
