,iteration,start_time,end_time,val_mse
0,1,1631647631.4977345,1631647633.9915578,127.77872467041016
1,2,1631647633.9944036,1631647636.4873745,110.15540313720703
2,3,1631647636.4906545,1631647638.9848104,117.76244354248047
3,4,1631647638.9885602,1631647641.480012,103.2722396850586
4,5,1631647641.483394,1631647643.977553,115.90103912353516
5,6,1631647643.9808729,1631647646.4740798,116.52508544921875
6,7,1631647646.4774485,1631647648.9688568,107.46624755859375
7,8,1631647648.9721892,1631647651.4579375,111.7049789428711
8,9,1631647651.4612715,1631647653.9533105,134.75595092773438
