,iteration,start_time,end_time,val_mse
0,1,1631667378.0566194,1631667386.264572,2274.544677734375
1,2,1631667386.267548,1631667396.0551515,2275.419921875
2,3,1631667396.0589547,1631667407.7901554,2271.816162109375
3,4,1631667407.795392,1631667422.3801236,2271.98193359375
4,5,1631667422.3864834,1631667438.9442122,2274.964111328125
5,6,1631667438.9500413,1631667455.880264,2272.22265625
6,7,1631667455.8866847,1631667471.0464833,2271.97705078125
7,8,1631667471.0522418,1631667487.8969796,2271.98486328125
8,9,1631667487.9035318,1631667502.63397,2272.005859375
