,iteration,start_time,end_time,val_mse
0,1,1631668613.777826,1631668621.9912636,2272.091064453125
1,2,1631668621.9942133,1631668629.575792,2273.549560546875
2,3,1631668629.579219,1631668640.928642,2271.82861328125
3,4,1631668640.9338286,1631668651.398107,2272.59814453125
4,5,1631668651.4015603,1631668662.258659,2271.996337890625
5,6,1631668662.26427,1631668672.7173219,2271.834716796875
6,7,1631668672.7224667,1631668685.5087335,2271.90625
7,8,1631668685.5136995,1631668698.306013,2271.775390625
8,9,1631668698.3103793,1631668718.5525572,2271.74462890625
