,iteration,start_time,end_time,val_mse
0,1,1631648065.8675785,1631648068.3638787,123.274658203125
1,2,1631648068.3667655,1631648070.9195995,122.15160369873047
2,3,1631648070.9229202,1631648074.7717957,118.52156066894531
3,4,1631648074.777288,1631648078.6453195,129.2670135498047
4,5,1631648078.6487153,1631648081.3675008,138.1106414794922
5,6,1631648081.3707762,1631648085.5713687,102.37260437011719
6,7,1631648085.574732,1631648089.7809918,99.21784210205078
7,8,1631648089.7860932,1631648094.9897203,128.45021057128906
8,9,1631648094.9959702,1631648100.189532,138.74835205078125
