,iteration,start_time,end_time,val_mse
0,1,1631653141.2722208,1631653146.332419,1770.4539794921875
1,2,1631653146.3352058,1631653150.9415991,1765.5621337890625
2,3,1631653150.9447787,1631653156.3509696,1800.93408203125
3,4,1631653156.3542173,1631653161.665707,1807.765625
4,5,1631653161.6704006,1631653168.889676,1805.1917724609375
5,6,1631653168.894432,1631653174.8389082,1805.1619873046875
6,7,1631653174.8429365,1631653181.9301221,1808.54052734375
7,8,1631653181.9353838,1631653188.5508924,1789.2083740234375
8,9,1631653188.5546243,1631653195.5857506,1798.467041015625
