,iteration,start_time,end_time,val_mse
0,1,1632064507.6406841,1632064514.053672,103.49696350097656
1,2,1632064514.0612605,1632064519.7111073,111.13349151611328
2,3,1632064519.718988,1632064526.9072986,102.46400451660156
3,4,1632064526.9153256,1632064534.8641574,111.00269317626953
