,iteration,start_time,end_time,val_mse
0,1,1631647888.8985884,1631647891.3963068,119.30921936035156
1,2,1631647891.3991742,1631647893.9523113,119.50479888916016
2,3,1631647893.95564,1631647898.348621,127.60600280761719
3,4,1631647898.3543904,1631647902.5121403,116.998779296875
4,5,1631647902.5156121,1631647904.9511087,117.22663116455078
5,6,1631647904.9544082,1631647907.3232443,100.87586212158203
6,7,1631647907.3266044,1631647909.6941984,111.67017364501953
7,8,1631647909.6983469,1631647911.757404,110.1414566040039
8,9,1631647911.7612154,1631647914.928519,113.55638122558594
