,iteration,start_time,end_time,val_mse
0,1,1631654296.3078187,1631654301.3853316,1782.458251953125
1,2,1631654301.3882248,1631654306.5792668,1787.2769775390625
2,3,1631654306.5825899,1631654314.1084857,1797.89990234375
3,4,1631654314.1129198,1631654320.6868567,1809.621826171875
4,5,1631654320.6904156,1631654330.0201564,1803.7786865234375
5,6,1631654330.024085,1631654338.034892,1807.2506103515625
6,7,1631654338.0388346,1631654345.9228225,1799.5660400390625
7,8,1631654345.9281666,1631654353.6432636,1794.0865478515625
8,9,1631654353.6463416,1631654361.2209418,1794.4141845703125
