,iteration,start_time,end_time,val_mse
0,1,1631663150.1849682,1631663158.4017026,2271.887451171875
1,2,1631663158.405003,1631663168.8622973,2273.73193359375
2,3,1631663168.8656738,1631663177.7256703,2240.6962890625
3,4,1631663177.7290118,1631663190.5284877,2272.20947265625
4,5,1631663190.5334148,1631663206.2651067,2271.85302734375
5,6,1631663206.2701857,1631663220.0237546,2271.77978515625
6,7,1631663220.0276508,1631663234.8090615,2271.701904296875
7,8,1631663234.812916,1631663246.0252771,2271.8369140625
8,9,1631663246.0291069,1631663262.836788,2271.832763671875
