,iteration,start_time,end_time,val_mse
0,1,1631668722.8627853,1631668731.0695107,2271.774658203125
1,2,1631668731.07258,1631668738.428422,2272.074951171875
2,3,1631668738.43179,1631668750.2583892,2271.821044921875
3,4,1631668750.264968,1631668764.3779805,2272.749755859375
4,5,1631668764.3816304,1631668781.6129642,2271.809814453125
5,6,1631668781.6178079,1631668802.8528135,2271.78271484375
6,7,1631668802.8584511,1631668821.00411,2271.818603515625
7,8,1631668821.009607,1631668837.0504441,2271.76513671875
8,9,1631668837.0562005,1631668855.8289683,2271.741943359375
