,iteration,start_time,end_time,val_mse
0,1,1631648429.7069728,1631648432.1980655,123.73230743408203
1,2,1631648432.2009642,1631648435.1762526,137.45187377929688
2,3,1631648435.1795404,1631648438.7909112,131.74624633789062
3,4,1631648438.7965918,1631648441.9897046,109.31324005126953
4,5,1631648441.9939687,1631648445.225759,113.03378295898438
5,6,1631648445.2314222,1631648448.6341836,131.81820678710938
6,7,1631648448.6398396,1631648452.3539684,133.17333984375
7,8,1631648452.3596554,1631648455.532688,114.67833709716797
8,9,1631648455.538825,1631648459.7913997,134.98898315429688
