,iteration,start_time,end_time,val_mse
0,1,1631654786.8245947,1631654791.904319,1804.9071044921875
1,2,1631654791.9072382,1631654797.1382427,1797.56982421875
2,3,1631654797.141502,1631654805.0441475,1800.2142333984375
3,4,1631654805.0490508,1631654812.2152271,1800.5177001953125
4,5,1631654812.2184374,1631654821.0497003,1800.864013671875
5,6,1631654821.0535562,1631654830.3319874,1797.7071533203125
6,7,1631654830.3364027,1631654839.185952,1797.8115234375
7,8,1631654839.1899312,1631654848.4186227,1795.6832275390625
8,9,1631654848.4228158,1631654856.8592722,1797.0765380859375
