,iteration,start_time,end_time,val_mse
0,1,1631648210.364948,1631648212.8671813,110.69142150878906
1,2,1631648212.8705266,1631648215.4009945,105.95516967773438
2,3,1631648215.4043455,1631648218.6494699,103.06239318847656
3,4,1631648218.6542535,1631648221.4335065,105.45787811279297
4,5,1631648221.4382434,1631648223.7429166,111.48999786376953
5,6,1631648223.747513,1631648226.6119618,104.9162368774414
6,7,1631648226.6167283,1631648229.6946428,127.97307586669922
7,8,1631648229.6994138,1631648232.5703032,106.02479553222656
8,9,1631648232.574987,1631648235.6186724,112.73916625976562
