,iteration,start_time,end_time,val_mse
0,1,1631656599.8387575,1631656604.900184,1801.1263427734375
1,2,1631656604.9036033,1631656609.5542438,1817.834228515625
2,3,1631656609.5575452,1631656617.0298784,1797.8675537109375
3,4,1631656617.0351403,1631656621.4515476,1805.3353271484375
4,5,1631656621.4549048,1631656628.51422,1797.7041015625
5,6,1631656628.5194905,1631656635.831149,1805.3441162109375
6,7,1631656635.8369372,1631656645.190835,1803.340087890625
7,8,1631656645.196141,1631656654.5525284,1800.8489990234375
8,9,1631656654.5572984,1631656664.174728,1794.6722412109375
