,iteration,start_time,end_time,val_mse
0,1,1631665796.4826536,1631665804.8686795,2272.008056640625
1,2,1631665804.872121,1631665813.251384,2273.129638671875
2,3,1631665813.2548654,1631665826.6243494,2274.003662109375
3,4,1631665826.6308947,1631665839.979878,2272.131591796875
4,5,1631665839.984605,1631665850.0213583,2272.266357421875
5,6,1631665850.0279267,1631665861.869657,2272.456298828125
6,7,1631665861.8757575,1631665871.667171,2272.303955078125
7,8,1631665871.6707416,1631665882.9181497,2271.87060546875
8,9,1631665882.9258833,1631665896.387603,2271.714599609375
