,iteration,start_time,end_time,val_mse
0,1,1631666139.6918526,1631666147.8910832,2250.5029296875
1,2,1631666147.8940723,1631666155.4427612,2272.504150390625
2,3,1631666155.4468157,1631666164.7888477,2272.6083984375
3,4,1631666164.7945566,1631666173.1930914,2271.998291015625
4,5,1631666173.1963947,1631666186.2887378,2271.874755859375
5,6,1631666186.2938106,1631666199.3515153,2271.677001953125
6,7,1631666199.3559983,1631666216.5969718,2271.64697265625
7,8,1631666216.6025827,1631666230.2368512,2271.84765625
8,9,1631666230.2410567,1631666244.474968,2271.750244140625
