,iteration,start_time,end_time,val_mse
0,1,1631648039.7120907,1631648042.2068815,110.84342956542969
1,2,1631648042.2097409,1631648044.6972582,132.81005859375
2,3,1631648044.7006953,1631648047.4920626,125.20710754394531
3,4,1631648047.4953747,1631648049.815646,126.43341064453125
4,5,1631648049.8189971,1631648052.0444512,107.271728515625
5,6,1631648052.0477102,1631648055.396543,101.02009582519531
6,7,1631648055.399895,1631648058.773716,102.45215606689453
7,8,1631648058.7770343,1631648061.937112,104.28794860839844
8,9,1631648061.942667,1631648065.7627416,116.9679183959961
