,iteration,start_time,end_time,val_mse
0,1,1631663629.2910385,1631663637.510856,2262.404052734375
1,2,1631663637.5142574,1631663645.7121906,2271.806640625
2,3,1631663645.7155492,1631663653.9421425,2247.116943359375
3,4,1631663653.9455485,1631663662.1602423,2271.900634765625
4,5,1631663662.1636972,1631663670.3720145,2271.87255859375
5,6,1631663670.3757672,1631663678.5877097,2271.96728515625
6,7,1631663678.5911398,1631663686.8087204,2272.280029296875
7,8,1631663686.8121176,1631663695.039103,2271.93798828125
8,9,1631663695.0430675,1631663703.3701437,2272.37646484375
