,iteration,start_time,end_time,val_mse
0,1,1632067138.2240026,1632067146.8578823,101.27644348144531
1,2,1632067146.8657048,1632067156.0813115,101.8199691772461
2,3,1632067156.090337,1632067164.8292928,102.75301361083984
