,iteration,start_time,end_time,val_mse
0,1,1631654088.2113292,1631654093.2807193,1795.02392578125
1,2,1631654093.2841449,1631654098.4891512,1794.0745849609375
2,3,1631654098.4925284,1631654105.0791774,1809.7703857421875
3,4,1631654105.0843563,1631654112.0780282,1809.2950439453125
4,5,1631654112.0832934,1631654121.8882115,1805.90283203125
5,6,1631654121.8938277,1631654130.9830794,1798.561279296875
6,7,1631654130.9889185,1631654137.909085,1797.07958984375
7,8,1631654137.914024,1631654146.6745405,1797.4979248046875
8,9,1631654146.6789722,1631654154.9327266,1808.4775390625
