,iteration,start_time,end_time,val_mse
0,1,1631648100.3071756,1631648102.9329116,133.49746704101562
1,2,1631648102.9358795,1631648105.497259,105.73191833496094
2,3,1631648105.5006728,1631648108.4323523,102.65460968017578
3,4,1631648108.4379869,1631648110.7197113,101.81062316894531
4,5,1631648110.7230065,1631648113.7388027,113.62812805175781
5,6,1631648113.74207,1631648116.7521467,107.12548828125
6,7,1631648116.7568448,1631648119.3696291,106.3774185180664
7,8,1631648119.3746872,1631648123.4528146,105.10568237304688
8,9,1631648123.4577768,1631648126.1593335,103.12810516357422
