,iteration,start_time,end_time,val_mse
0,1,1631656182.23316,1631656187.3049946,1806.9112548828125
1,2,1631656187.3083704,1631656192.4955008,1815.939453125
2,3,1631656192.4988472,1631656197.90376,1800.169677734375
3,4,1631656197.9083552,1631656205.0973833,1801.3360595703125
4,5,1631656205.10062,1631656213.5965223,1802.7821044921875
5,6,1631656213.601868,1631656220.1974425,1801.306640625
6,7,1631656220.2023585,1631656230.1994479,1794.56494140625
7,8,1631656230.2042654,1631656238.5672512,1799.116943359375
8,9,1631656238.5723605,1631656248.4952326,1798.515625
