,iteration,start_time,end_time,val_mse
0,1,1631656371.482971,1631656376.5610414,1812.6712646484375
1,2,1631656376.5639746,1631656381.7248576,1814.073974609375
2,3,1631656381.728297,1631656388.345463,1783.606201171875
3,4,1631656388.3503196,1631656394.0470178,1809.03662109375
4,5,1631656394.0525298,1631656399.6491191,1804.2110595703125
5,6,1631656399.6538908,1631656407.2262561,1805.0487060546875
6,7,1631656407.2310781,1631656413.4053717,1807.29541015625
7,8,1631656413.410275,1631656419.919231,1797.7257080078125
8,9,1631656419.9240189,1631656426.1830475,1798.6055908203125
