,iteration,start_time,end_time,val_mse
0,1,1631653748.4780507,1631653753.5468483,1807.7156982421875
1,2,1631653753.5496676,1631653760.2616868,1800.1552734375
2,3,1631653760.2650287,1631653766.1680472,1809.609130859375
3,4,1631653766.1718764,1631653774.719045,1783.8250732421875
4,5,1631653774.7223861,1631653783.218493,1803.9715576171875
5,6,1631653783.2240453,1631653794.5641377,1804.273681640625
6,7,1631653794.569951,1631653804.6833801,1793.138916015625
7,8,1631653804.688686,1631653814.8196776,1796.400390625
8,9,1631653814.8253248,1631653825.909557,1798.8408203125
