,iteration,start_time,end_time,val_mse
0,1,1631668014.1369576,1631668022.338384,2265.57861328125
1,2,1631668022.341827,1631668031.3757157,2272.37451171875
2,3,1631668031.379082,1631668045.2233822,2271.6943359375
3,4,1631668045.2282135,1631668058.9893508,2271.78369140625
4,5,1631668058.994727,1631668074.5933282,2271.7607421875
5,6,1631668074.5979247,1631668087.0282269,2268.305908203125
6,7,1631668087.0330274,1631668100.8269465,2271.86376953125
7,8,1631668100.8315198,1631668116.0843873,2271.932861328125
8,9,1631668116.0892754,1631668132.1005685,2271.856689453125
