,iteration,start_time,end_time,val_mse
0,1,1631648187.713787,1631648190.2126381,112.85488891601562
1,2,1631648190.2155387,1631648192.7047648,108.53482818603516
2,3,1631648192.7080953,1631648195.2003682,105.70904541015625
3,4,1631648195.2037501,1631648197.6903656,106.66024017333984
4,5,1631648197.6937392,1631648200.188487,133.34219360351562
5,6,1631648200.1917868,1631648202.6839926,115.45751190185547
6,7,1631648202.6873267,1631648205.1801443,116.03976440429688
7,8,1631648205.1834762,1631648207.7519462,107.32579040527344
8,9,1631648207.7553828,1631648210.2499163,108.00698852539062
