,iteration,start_time,end_time,val_mse
0,1,1631648126.2591224,1631648128.7580388,109.14094543457031
1,2,1631648128.7609224,1631648131.4087057,111.78799438476562
2,3,1631648131.4119604,1631648134.664506,108.80066680908203
3,4,1631648134.6698084,1631648136.5305405,116.05320739746094
4,5,1631648136.5348048,1631648138.802499,106.42266082763672
5,6,1631648138.8078532,1631648140.3830037,103.31771087646484
6,7,1631648140.3875003,1631648142.193274,100.42645263671875
7,8,1631648142.1987333,1631648143.6590602,103.5284194946289
8,9,1631648143.6623223,1631648144.5245852,103.78404235839844
