,iteration,start_time,end_time,val_mse
0,1,1631648144.675957,1631648147.1755838,121.59854888916016
1,2,1631648147.178434,1631648149.4798555,107.0534439086914
2,3,1631648149.483048,1631648152.1923914,109.09717559814453
3,4,1631648152.1973,1631648155.120693,101.4282455444336
4,5,1631648155.1239307,1631648157.7612627,105.44013214111328
5,6,1631648157.7653453,1631648160.3424911,106.61393737792969
6,7,1631648160.3469188,1631648161.462972,107.44927978515625
7,8,1631648161.4660513,1631648162.6217833,101.67432403564453
8,9,1631648162.6247125,1631648162.7755916,104.22195434570312
