,iteration,start_time,end_time,val_mse
0,1,1632066292.7908504,1632066301.5134413,105.07628631591797
1,2,1632066301.5235457,1632066310.9914527,102.07844543457031
2,3,1632066311.000365,1632066319.9225652,103.05768585205078
