,iteration,start_time,end_time,val_mse
0,1,1631654230.3747628,1631654235.459869,1808.0711669921875
1,2,1631654235.4629574,1631654240.1110718,1821.65673828125
2,3,1631654240.1144097,1631654247.8302019,1808.416748046875
3,4,1631654247.8355064,1631654254.3129315,1809.544677734375
4,5,1631654254.3163352,1631654262.9447162,1799.299560546875
5,6,1631654262.949518,1631654270.371629,1804.1363525390625
6,7,1631654270.376329,1631654279.1061666,1802.642333984375
7,8,1631654279.1106215,1631654287.0581145,1796.783447265625
8,9,1631654287.0618563,1631654296.1883614,1765.457275390625
