,iteration,start_time,end_time,val_mse
0,1,1632064731.7998514,1632064738.2037046,105.9000473022461
1,2,1632064738.2109554,1632064743.9992015,104.2654037475586
2,3,1632064744.007197,1632064749.127716,103.76760864257812
3,4,1632064749.1357763,1632064755.3921175,104.59724426269531
