,iteration,start_time,end_time,val_mse
0,1,1631656044.6992817,1631656049.773831,1810.2877197265625
1,2,1631656049.7768767,1631656056.7769537,1828.2650146484375
2,3,1631656056.7802916,1631656065.9212024,1808.51318359375
3,4,1631656065.9274647,1631656075.046419,1807.109130859375
4,5,1631656075.0521522,1631656083.615456,1807.169189453125
5,6,1631656083.6189106,1631656091.88467,1811.593505859375
6,7,1631656091.8880382,1631656098.9279022,1800.353271484375
7,8,1631656098.9318068,1631656106.9402056,1798.884033203125
8,9,1631656106.9435382,1631656116.1049407,1804.867431640625
