,iteration,start_time,end_time,val_mse
0,1,1631662832.8361893,1631662841.0639632,2272.03125
1,2,1631662841.067278,1631662849.5241702,2272.6796875
2,3,1631662849.5275326,1631662859.2805614,2271.780517578125
3,4,1631662859.2838876,1631662869.2153254,2272.0146484375
4,5,1631662869.2204776,1631662878.8086717,2272.108642578125
5,6,1631662878.8124657,1631662888.5603602,2272.736328125
6,7,1631662888.563803,1631662899.5110939,2271.953125
7,8,1631662899.5144174,1631662909.0278108,2271.70458984375
8,9,1631662909.0315852,1631662921.0709589,2271.95068359375
