,iteration,start_time,end_time,val_mse
0,1,1631648627.420946,1631648629.9231217,111.23355102539062
1,2,1631648629.9260094,1631648632.7378094,129.28799438476562
2,3,1631648632.7411146,1631648636.4071083,119.31753540039062
3,4,1631648636.4133308,1631648639.2249455,112.25181579589844
4,5,1631648639.228336,1631648642.4328747,115.69059753417969
5,6,1631648642.4362035,1631648646.5047934,109.23028564453125
6,7,1631648646.508138,1631648649.9052844,132.60276794433594
7,8,1631648649.9087195,1631648653.1615899,132.68490600585938
8,9,1631648653.1649075,1631648658.3566203,127.75466918945312
