,iteration,start_time,end_time,val_mse
0,1,1632066882.0452733,1632066890.6721823,106.90530395507812
1,2,1632066890.6799028,1632066900.4959843,104.04231262207031
2,3,1632066900.5054872,1632066909.5617392,103.0779800415039
