,iteration,start_time,end_time,val_mse
0,1,1631647615.3149326,1631647617.8129714,119.02615356445312
1,2,1631647617.815754,1631647620.6930444,111.02770233154297
2,3,1631647620.6962729,1631647623.6654642,108.93307495117188
3,4,1631647623.6699104,1631647626.3117223,106.63446807861328
4,5,1631647626.315705,1631647628.0658052,103.35023498535156
5,6,1631647628.0687938,1631647629.3473547,101.2753677368164
6,7,1631647629.3501177,1631647630.1427176,99.17231750488281
7,8,1631647630.145434,1631647631.2106712,105.37617492675781
8,9,1631647631.2144773,1631647631.3902948,101.68472290039062
