,iteration,start_time,end_time,val_mse
0,1,1631662758.5741243,1631662766.789952,2271.9140625
1,2,1631662766.7928216,1631662775.000352,2272.05908203125
2,3,1631662775.0036454,1631662783.2120588,2272.121826171875
3,4,1631662783.2158704,1631662791.448811,2267.572265625
4,5,1631662791.452228,1631662799.6518333,2271.775146484375
5,6,1631662799.6551328,1631662808.017766,2272.52392578125
6,7,1631662808.0211735,1631662816.240358,2264.958251953125
7,8,1631662816.2441587,1631662824.4409246,2271.743896484375
8,9,1631662824.444348,1631662832.6683457,2272.24072265625
