,iteration,start_time,end_time,val_mse
0,1,1631654155.0847971,1631654160.1481662,1799.9093017578125
1,2,1631654160.1511395,1631654165.467809,1807.375
2,3,1631654165.4711642,1631654172.663202,1801.60986328125
3,4,1631654172.6682746,1631654179.0468318,1796.4212646484375
4,5,1631654179.0502598,1631654185.7278674,1797.1163330078125
5,6,1631654185.7332356,1631654193.6578274,1801.2052001953125
6,7,1631654193.663623,1631654205.1206625,1797.2911376953125
7,8,1631654205.1261365,1631654214.6781197,1796.461181640625
8,9,1631654214.683315,1631654226.7764008,1801.0040283203125
