,iteration,start_time,end_time,val_mse
0,1,1631666355.1343508,1631666363.3526764,2271.9658203125
1,2,1631666363.3557413,1631666371.5519743,2271.919189453125
2,3,1631666371.5553615,1631666379.7562883,2271.828369140625
3,4,1631666379.7596955,1631666387.9878795,2272.090087890625
4,5,1631666387.9917526,1631666396.2857976,2273.333984375
5,6,1631666396.289158,1631666404.6256576,2271.915283203125
6,7,1631666404.6291308,1631666412.849843,2271.76318359375
7,8,1631666412.8538291,1631666421.094327,2271.782958984375
8,9,1631666421.097814,1631666429.3101916,2257.015869140625
