,iteration,start_time,end_time,val_mse
0,1,1631665256.6829479,1631665264.877343,2272.157958984375
1,2,1631665264.8804085,1631665272.551803,2274.131591796875
2,3,1631665272.5552316,1631665283.7702007,2271.7734375
3,4,1631665283.7754226,1631665300.2703853,2271.72607421875
4,5,1631665300.2752874,1631665320.6462185,2271.839599609375
5,6,1631665320.6518784,1631665343.594607,2271.728759765625
6,7,1631665343.6013553,1631665367.6400704,2271.8369140625
7,8,1631665367.6447966,1631665391.5846896,2271.833740234375
8,9,1631665391.5896406,1631665414.5437062,2271.78466796875
