,iteration,start_time,end_time,val_mse
0,1,1631665897.9961183,1631665906.2103968,2272.188232421875
1,2,1631665906.2134886,1631665915.3310099,2268.00537109375
2,3,1631665915.335357,1631665924.7366626,2271.920654296875
3,4,1631665924.7404938,1631665941.6078284,2272.40771484375
4,5,1631665941.6116724,1631665956.192675,2271.98876953125
5,6,1631665956.1969242,1631665971.9833047,2271.8525390625
6,7,1631665971.9875429,1631665987.7835126,2270.157958984375
7,8,1631665987.788818,1631666004.541879,2271.73974609375
8,9,1631666004.546971,1631666020.7932343,2272.03466796875
