,iteration,start_time,end_time,val_mse
0,1,1631648263.682718,1631648266.1755009,120.45780944824219
1,2,1631648266.1784313,1631648268.8804302,143.7345428466797
2,3,1631648268.8837636,1631648273.0212233,126.43722534179688
3,4,1631648273.026498,1631648276.5072935,133.13438415527344
4,5,1631648276.5115151,1631648278.9981525,107.7232437133789
5,6,1631648279.0028126,1631648281.6991599,104.64149475097656
6,7,1631648281.7039008,1631648285.0183303,108.88939666748047
7,8,1631648285.0229206,1631648287.993613,102.91400909423828
8,9,1631648287.9970133,1631648290.8754044,109.21946716308594
