,iteration,start_time,end_time,val_mse
0,1,1631653888.2065752,1631653893.2685683,1799.0316162109375
1,2,1631653893.2715597,1631653898.3560264,1775.6871337890625
2,3,1631653898.3593526,1631653903.4155877,1780.26123046875
3,4,1631653903.4189763,1631653908.4821742,1798.337158203125
4,5,1631653908.485566,1631653913.5453858,1808.123291015625
5,6,1631653913.5491805,1631653918.6163418,1799.1202392578125
6,7,1631653918.6197486,1631653923.6773474,1801.8916015625
7,8,1631653923.680773,1631653928.7680776,1801.869140625
8,9,1631653928.7714884,1631653933.821237,1809.00439453125
