,iteration,start_time,end_time,val_mse
0,1,1631648343.5279589,1631648346.027084,114.11555480957031
1,2,1631648346.029999,1631648348.256255,107.71121215820312
2,3,1631648348.2595465,1631648350.8105905,124.97608184814453
3,4,1631648350.815664,1631648352.8403914,107.40900421142578
4,5,1631648352.8435016,1631648355.3490696,105.55751037597656
5,6,1631648355.3522565,1631648357.297245,103.7772445678711
6,7,1631648357.3002975,1631648360.5174193,102.10589599609375
7,8,1631648360.5215418,1631648363.274823,103.51632690429688
8,9,1631648363.2779553,1631648365.7123833,102.30668640136719
