,iteration,start_time,end_time,val_mse
0,1,1631647705.7706988,1631647708.2717202,99.33963012695312
1,2,1631647708.2745895,1631647710.8295004,118.01141357421875
2,3,1631647710.832809,1631647715.4424345,139.78712463378906
3,4,1631647715.4481485,1631647719.696438,123.48744201660156
4,5,1631647719.7001123,1631647722.4047093,126.41204071044922
5,6,1631647722.4083066,1631647725.7950308,125.42577362060547
6,7,1631647725.798366,1631647729.5309145,109.9516830444336
7,8,1631647729.5355582,1631647732.4511278,108.64838409423828
8,9,1631647732.4543557,1631647735.3596523,105.7556381225586
