,iteration,start_time,end_time,val_mse
0,1,1631665111.8130631,1631665120.0216563,2241.6669921875
1,2,1631665120.0250568,1631665128.6489928,2272.306396484375
2,3,1631665128.6523964,1631665141.650839,2271.921875
3,4,1631665141.6563704,1631665157.118225,2271.802978515625
4,5,1631665157.124201,1631665175.7019932,2271.845703125
5,6,1631665175.7074466,1631665192.8969066,2271.9716796875
6,7,1631665192.9012814,1631665209.467182,2271.955810546875
7,8,1631665209.4719353,1631665230.0710835,2271.8701171875
8,9,1631665230.0760195,1631665256.4683752,2271.8046875
