,iteration,start_time,end_time,val_mse
0,1,1631647461.7173467,1631647464.2118027,104.01512908935547
1,2,1631647464.2145736,1631647466.7059238,129.44569396972656
2,3,1631647466.7091625,1631647469.2037752,103.18511962890625
3,4,1631647469.2070813,1631647471.70105,111.33959197998047
4,5,1631647471.7043772,1631647474.2021456,117.00775146484375
5,6,1631647474.2053573,1631647476.7013927,104.50407409667969
6,7,1631647476.7046452,1631647479.1977222,123.3604507446289
7,8,1631647479.2009666,1631647481.6968665,111.89501953125
8,9,1631647481.7001383,1631647484.195114,117.8302993774414
