,iteration,start_time,end_time,val_mse
0,1,1631666604.7963932,1631666613.0065858,2271.993896484375
1,2,1631666613.009547,1631666621.9091527,2277.925537109375
2,3,1631666621.9124777,1631666633.7780128,2272.812255859375
3,4,1631666633.784423,1631666644.8213449,2271.9033203125
4,5,1631666644.8257327,1631666655.7147233,2271.792236328125
5,6,1631666655.7209346,1631666669.0866542,2271.751708984375
6,7,1631666669.0925684,1631666681.9714608,2272.072265625
7,8,1631666681.9774837,1631666693.4433863,2268.985595703125
8,9,1631666693.4473853,1631666709.9242215,2271.835693359375
