,iteration,start_time,end_time,val_mse
0,1,1631666520.0750315,1631666528.2959466,2273.337890625
1,2,1631666528.2988865,1631666537.539195,2273.724853515625
2,3,1631666537.54302,1631666549.6148598,2271.80126953125
3,4,1631666549.6206694,1631666558.4852784,2273.98974609375
4,5,1631666558.4897833,1631666567.6873355,2272.301513671875
5,6,1631666567.6934774,1631666575.2092915,2271.761962890625
6,7,1631666575.2151067,1631666585.8082018,2274.74658203125
7,8,1631666585.8139808,1631666593.8305812,2272.7294921875
8,9,1631666593.8369117,1631666603.505404,2272.3984375
