,iteration,start_time,end_time,val_mse
0,1,1631648560.899589,1631648563.3991082,118.20021057128906
1,2,1631648563.4020069,1631648566.1477451,108.21186828613281
2,3,1631648566.150938,1631648570.4871945,109.20864868164062
3,4,1631648570.4917953,1631648573.480143,103.86756896972656
4,5,1631648573.4837997,1631648576.2541094,104.86480712890625
5,6,1631648576.2582893,1631648579.4412465,104.970703125
6,7,1631648579.4457054,1631648581.0347714,100.14958190917969
7,8,1631648581.0375192,1631648582.6540926,104.56655883789062
8,9,1631648582.6570895,1631648583.285011,99.30032348632812
