,iteration,start_time,end_time,val_mse
0,1,1631655910.2471757,1631655915.323711,1805.9569091796875
1,2,1631655915.327127,1631655921.3789785,1821.4814453125
2,3,1631655921.3823879,1631655928.9082358,1807.1370849609375
3,4,1631655928.9131587,1631655936.2225113,1812.4949951171875
4,5,1631655936.228027,1631655944.4519055,1813.2552490234375
5,6,1631655944.4583154,1631655952.5903172,1810.068115234375
6,7,1631655952.596012,1631655961.954421,1809.018798828125
7,8,1631655961.9603128,1631655969.385137,1774.6021728515625
8,9,1631655969.391018,1631655978.269631,1812.4063720703125
