,iteration,start_time,end_time,val_mse
0,1,1631667615.8365924,1631667624.1314461,2272.0244140625
1,2,1631667624.1344492,1631667635.4474313,2272.59375
2,3,1631667635.4512901,1631667650.4916792,2273.7236328125
3,4,1631667650.4976678,1631667663.4563127,2272.029541015625
4,5,1631667663.462642,1631667679.5350642,2273.810302734375
5,6,1631667679.5408242,1631667698.4780374,2271.883544921875
6,7,1631667698.484393,1631667715.2049153,2271.741943359375
7,8,1631667715.2094257,1631667732.6583323,2271.907470703125
8,9,1631667732.662157,1631667747.607482,2271.953125
