,iteration,start_time,end_time,val_mse
0,1,1631647764.0424125,1631647766.5425296,106.30980682373047
1,2,1631647766.5454004,1631647769.1694446,108.99116516113281
2,3,1631647769.1727965,1631647772.106567,102.89437866210938
3,4,1631647772.111948,1631647775.0492303,112.693603515625
4,5,1631647775.052529,1631647778.563208,110.52165985107422
5,6,1631647778.5682657,1631647780.7399566,99.30358123779297
6,7,1631647780.7445662,1631647781.8817613,105.20758056640625
7,8,1631647781.8859851,1631647782.9489298,101.42375946044922
8,9,1631647782.9532046,1631647784.1531727,102.2848129272461
