,iteration,start_time,end_time,val_mse
0,1,1632065327.9359248,1632065334.340052,100.52925109863281
1,2,1632065334.3472517,1632065341.04368,101.41719055175781
2,3,1632065341.051731,1632065347.9107447,102.72053527832031
3,4,1632065347.9187012,1632065355.0822828,110.83184051513672
