,iteration,start_time,end_time,val_mse
0,1,1631667872.8115456,1631667881.0201488,2271.80712890625
1,2,1631667881.0232298,1631667889.3726633,2272.220458984375
2,3,1631667889.3759177,1631667901.0932474,2271.703369140625
3,4,1631667901.0981207,1631667916.895093,2272.118408203125
4,5,1631667916.899474,1631667933.6184165,2271.9345703125
5,6,1631667933.6237543,1631667952.8993309,2271.758056640625
6,7,1631667952.9040105,1631667973.3695416,2271.6513671875
7,8,1631667973.3754394,1631667992.4781888,2271.9541015625
8,9,1631667992.483479,1631668011.5338035,2271.8056640625
