,iteration,start_time,end_time,val_mse
0,1,1632065018.4371922,1632065024.840854,102.5268783569336
1,2,1632065024.848546,1632065031.0316768,99.07131958007812
2,3,1632065031.039616,1632065038.2661638,105.57984161376953
3,4,1632065038.2727911,1632065046.5053742,105.45904541015625
