,iteration,start_time,end_time,val_mse
0,1,1631653826.0640972,1631653831.136753,1809.1884765625
1,2,1631653831.1396773,1631653837.002163,1797.7532958984375
2,3,1631653837.0054722,1631653842.794868,1781.8419189453125
3,4,1631653842.7981691,1631653851.0178707,1802.0977783203125
4,5,1631653851.0210834,1631653858.5310943,1785.9901123046875
5,6,1631653858.534747,1631653864.9728189,1780.6085205078125
6,7,1631653864.9774184,1631653873.032102,1782.2418212890625
7,8,1631653873.0351915,1631653881.3918903,1769.2303466796875
8,9,1631653881.3957686,1631653888.051911,1765.4884033203125
