,iteration,start_time,end_time,val_mse
0,1,1631656667.6884284,1631656672.7530622,1797.8551025390625
1,2,1631656672.756125,1631656677.299098,1801.168701171875
2,3,1631656677.3022723,1631656684.5020454,1804.81005859375
3,4,1631656684.5066934,1631656693.5010965,1805.0037841796875
4,5,1631656693.505088,1631656704.907208,1801.96044921875
5,6,1631656704.9128184,1631656715.613943,1800.7215576171875
6,7,1631656715.6189692,1631656727.1766586,1805.994384765625
7,8,1631656727.1837234,1631656738.5038183,1799.2203369140625
8,9,1631656738.5082092,1631656751.0830977,1801.3277587890625
