,iteration,start_time,end_time,val_mse
0,1,1631647784.247969,1631647786.741494,106.58976745605469
1,2,1631647786.7443755,1631647789.0207222,106.73382568359375
2,3,1631647789.023984,1631647792.1290739,102.37705993652344
3,4,1631647792.1328378,1631647795.6290555,104.62239837646484
4,5,1631647795.6322746,1631647797.5670772,104.4882583618164
5,6,1631647797.5700588,1631647798.9352405,104.2060546875
6,7,1631647798.9392664,1631647800.0089266,103.23084259033203
7,8,1631647800.012026,1631647800.5591948,99.89288330078125
8,9,1631647800.5621479,1631647801.0322897,102.33973693847656
