,iteration,start_time,end_time,val_mse
0,1,1631647915.0304642,1631647917.529356,114.64665222167969
1,2,1631647917.5322182,1631647920.092594,100.31416320800781
2,3,1631647920.0958648,1631647923.7516217,110.42176818847656
3,4,1631647923.7566872,1631647926.5434809,111.70499420166016
4,5,1631647926.5467188,1631647929.2853293,103.1761703491211
5,6,1631647929.2904732,1631647931.7979658,104.16793823242188
6,7,1631647931.8029833,1631647933.4200172,101.99482727050781
7,8,1631647933.4233513,1631647934.8292263,104.67418670654297
8,9,1631647934.834369,1631647936.1534307,106.19490814208984
