,iteration,start_time,end_time,val_mse
0,1,1631648235.7274637,1631648238.2200432,108.05233001708984
1,2,1631648238.222941,1631648241.038802,125.51263427734375
2,3,1631648241.0421271,1631648244.212782,101.6203842163086
3,4,1631648244.2175753,1631648246.6596816,121.14859771728516
4,5,1631648246.6630402,1631648250.0742848,106.00236511230469
5,6,1631648250.0776904,1631648253.281193,104.04586791992188
6,7,1631648253.284589,1631648256.4797823,100.69831848144531
7,8,1631648256.4830978,1631648259.9321215,103.61622619628906
8,9,1631648259.935499,1631648263.5798645,133.84596252441406
