,iteration,start_time,end_time,val_mse
0,1,1631655666.0361176,1631655671.1786046,1809.739990234375
1,2,1631655671.1820798,1631655675.7133892,1802.4627685546875
2,3,1631655675.7168705,1631655681.8698184,1799.3331298828125
3,4,1631655681.8741813,1631655689.5633068,1798.0006103515625
4,5,1631655689.5665853,1631655697.2757835,1802.3543701171875
5,6,1631655697.2791386,1631655708.6725032,1805.93017578125
6,7,1631655708.6775599,1631655720.022145,1799.30517578125
7,8,1631655720.0267022,1631655731.1357625,1793.691650390625
8,9,1631655731.1411743,1631655742.0343823,1800.7735595703125
