,iteration,start_time,end_time,val_mse
0,1,1632065226.679329,1632065233.0674157,104.097900390625
1,2,1632065233.074593,1632065238.9194517,102.65948486328125
2,3,1632065238.9280553,1632065245.223973,106.15235900878906
3,4,1632065245.2299984,1632065251.6824157,100.9377212524414
