,iteration,start_time,end_time,val_mse
0,1,1631648320.7057638,1631648323.2020812,114.8899154663086
1,2,1631648323.205006,1631648325.4857237,143.18032836914062
2,3,1631648325.4890375,1631648328.9946148,112.37897491455078
3,4,1631648328.9989505,1631648331.589975,102.28517150878906
4,5,1631648331.5932999,1631648334.007816,114.5090103149414
5,6,1631648334.0117397,1631648336.673766,103.5790023803711
6,7,1631648336.6776493,1631648338.9065676,115.72925567626953
7,8,1631648338.9098344,1631648341.4036362,108.6926040649414
8,9,1631648341.4091413,1631648343.4116855,105.63085174560547
