,iteration,start_time,end_time,val_mse
0,1,1631647840.6837745,1631647843.1833272,110.50333404541016
1,2,1631647843.1861815,1631647845.4031184,130.659423828125
2,3,1631647845.406396,1631647847.918483,113.3780288696289
3,4,1631647847.921812,1631647850.2453206,109.7547378540039
4,5,1631647850.2491956,1631647852.1931987,111.73741912841797
5,6,1631647852.1965055,1631647854.4329095,120.68251037597656
6,7,1631647854.4363024,1631647856.8254783,106.63939666748047
7,8,1631647856.8288784,1631647859.3885837,118.26774597167969
8,9,1631647859.3919406,1631647861.5483394,122.7881851196289
