,iteration,start_time,end_time,val_mse
0,1,1631655318.8753107,1631655323.960466,1795.128173828125
1,2,1631655323.963466,1631655329.0180426,1801.26904296875
2,3,1631655329.0214574,1631655334.0715544,1811.9903564453125
3,4,1631655334.0749705,1631655339.143782,1807.9197998046875
4,5,1631655339.1472013,1631655344.2089274,1789.0517578125
5,6,1631655344.2127762,1631655349.2670946,1789.3377685546875
6,7,1631655349.2704525,1631655354.3285427,1792.6490478515625
7,8,1631655354.3319378,1631655359.4753087,1802.3553466796875
8,9,1631655359.478813,1631655364.5485947,1703.6671142578125
