,iteration,start_time,end_time,val_mse
0,1,1631648658.4728782,1631648660.9663703,110.38563537597656
1,2,1631648660.969273,1631648663.680964,131.74539184570312
2,3,1631648663.6847878,1631648667.3101661,121.65766906738281
3,4,1631648667.3145392,1631648671.7808628,121.78954315185547
4,5,1631648671.7844045,1631648675.1721878,127.42633819580078
5,6,1631648675.1758187,1631648679.0591354,102.78423309326172
6,7,1631648679.062532,1631648683.3003633,113.75746154785156
7,8,1631648683.303772,1631648686.5327263,111.01612091064453
8,9,1631648686.5360389,1631648690.2654016,104.85604858398438
