,iteration,start_time,end_time,val_mse
0,1,1631656118.3462899,1631656123.4147205,1768.979248046875
1,2,1631656123.418157,1631656128.4053261,1826.004638671875
2,3,1631656128.4086673,1631656135.2392519,1807.495361328125
3,4,1631656135.2436175,1631656141.4645488,1804.700439453125
4,5,1631656141.4678557,1631656148.3483484,1805.4296875
5,6,1631656148.3527749,1631656156.6662092,1795.2972412109375
6,7,1631656156.6711524,1631656165.553354,1799.304443359375
7,8,1631656165.557772,1631656173.1332295,1800.6669921875
8,9,1631656173.1365793,1631656182.1167343,1803.6634521484375
