,iteration,start_time,end_time,val_mse
0,1,1631663263.0377705,1631663271.247619,2271.5556640625
1,2,1631663271.2504473,1631663287.1302283,2261.317138671875
2,3,1631663287.134667,1631663300.3822258,2272.091552734375
3,4,1631663300.3859663,1631663322.814202,2271.20947265625
4,5,1631663322.8200052,1631663337.676445,2272.200439453125
5,6,1631663337.6824915,1631663351.7687783,2271.69580078125
6,7,1631663351.7750645,1631663367.9028828,2271.92333984375
7,8,1631663367.9081433,1631663383.953785,2271.66943359375
8,9,1631663383.9587116,1631663399.8710582,2271.68798828125
