,iteration,start_time,end_time,val_mse
0,1,1632066263.5257928,1632066272.1484346,103.0551528930664
1,2,1632066272.1562402,1632066281.3883717,104.56524658203125
2,3,1632066281.3970475,1632066292.6580808,109.36181640625
