,iteration,start_time,end_time,val_mse
0,1,1632066938.4051511,1632066947.0523262,107.7112808227539
1,2,1632066947.060083,1632066957.723103,101.43705749511719
2,3,1632066957.7325816,1632066969.9541056,104.52281188964844
