,iteration,start_time,end_time,val_mse
0,1,1631647532.559037,1631647535.049025,110.29147338867188
1,2,1631647535.0518222,1631647538.0280948,122.52814483642578
2,3,1631647538.0313566,1631647540.9665213,101.04883575439453
3,4,1631647540.971151,1631647543.9895968,101.06401062011719
4,5,1631647543.9928665,1631647546.261442,110.08999633789062
5,6,1631647546.2647536,1631647548.4534268,112.4549789428711
6,7,1631647548.457073,1631647549.8004968,106.38117980957031
7,8,1631647549.8036997,1631647550.8078902,99.7209701538086
8,9,1631647550.8110309,1631647552.523734,99.9341049194336
