,iteration,start_time,end_time,val_mse
0,1,1631656426.2932026,1631656431.3596728,1813.5072021484375
1,2,1631656431.3626754,1631656437.0808668,1809.7816162109375
2,3,1631656437.0842474,1631656444.2690356,1804.9964599609375
3,4,1631656444.2737567,1631656450.327953,1798.041259765625
4,5,1631656450.3322883,1631656456.642455,1800.8995361328125
5,6,1631656456.6478012,1631656465.069017,1805.0057373046875
6,7,1631656465.073736,1631656472.2159014,1794.8358154296875
7,8,1631656472.2207792,1631656479.609411,1808.560302734375
8,9,1631656479.6143773,1631656486.9656935,1813.0111083984375
