,iteration,start_time,end_time,val_mse
0,1,1631648690.3771944,1631648692.8779225,108.31616973876953
1,2,1631648692.8808312,1631648696.1644356,143.36102294921875
2,3,1631648696.1684954,1631648700.2564516,137.21559143066406
3,4,1631648700.2621384,1631648703.8024356,131.39735412597656
4,5,1631648703.8058388,1631648707.0751555,105.65185546875
5,6,1631648707.0785804,1631648710.2928538,107.21527862548828
6,7,1631648710.2960865,1631648713.130847,106.72654724121094
7,8,1631648713.1342275,1631648715.716814,112.0910873413086
8,9,1631648715.7214274,1631648718.7836645,101.01364135742188
