,iteration,start_time,end_time,val_mse
0,1,1631663400.0402298,1631663408.3589425,2273.424560546875
1,2,1631663408.3618507,1631663419.2261596,2255.658447265625
2,3,1631663419.2296057,1631663431.575778,2271.813232421875
3,4,1631663431.5810473,1631663447.0266292,2246.80078125
4,5,1631663447.0316772,1631663459.2652574,2272.2880859375
5,6,1631663459.2710938,1631663473.4374397,2271.666015625
6,7,1631663473.4427843,1631663484.9501617,2267.62451171875
7,8,1631663484.9539847,1631663499.13991,2270.5908203125
8,9,1631663499.1443279,1631663510.3330495,2271.445556640625
