,iteration,start_time,end_time,val_mse
0,1,1631648406.5481536,1631648409.0463955,126.03273010253906
1,2,1631648409.0493164,1631648411.761047,128.85995483398438
2,3,1631648411.7644024,1631648414.8828936,98.81485748291016
3,4,1631648414.887666,1631648417.7630632,112.38282012939453
4,5,1631648417.766426,1631648420.0191483,117.99083709716797
5,6,1631648420.022454,1631648423.4212608,113.06741333007812
6,7,1631648423.4250915,1631648425.9260683,104.67939758300781
7,8,1631648425.9294376,1631648427.9184744,105.10261535644531
8,9,1631648427.9218144,1631648429.5970297,107.34508514404297
