,iteration,start_time,end_time,val_mse
0,1,1632065965.0486193,1632065973.673632,102.06132507324219
1,2,1632065973.6813173,1632065982.547359,105.42063903808594
2,3,1632065982.5560489,1632065991.853788,104.88978576660156
