,iteration,start_time,end_time,val_mse
0,1,1631655612.1325784,1631655617.193584,1806.9180908203125
1,2,1631655617.1966443,1631655621.8439493,1832.7169189453125
2,3,1631655621.8472745,1631655628.5061862,1802.5985107421875
3,4,1631655628.5109694,1631655634.132913,1804.8548583984375
4,5,1631655634.1377022,1631655640.6661735,1806.3955078125
5,6,1631655640.6709447,1631655649.0168982,1804.9090576171875
6,7,1631655649.0221303,1631655653.6223786,1799.9444580078125
7,8,1631655653.6257596,1631655658.870986,1797.27490234375
8,9,1631655658.8744874,1631655665.5233436,1793.8013916015625
