,iteration,start_time,end_time,val_mse
0,1,1631647976.952282,1631647979.4455314,108.8050765991211
1,2,1631647979.4484015,1631647982.091171,103.43984985351562
2,3,1631647982.0945468,1631647985.004952,115.06114959716797
3,4,1631647985.008156,1631647987.7238786,103.927978515625
4,5,1631647987.7269588,1631647990.113781,108.13922119140625
5,6,1631647990.1178877,1631647992.1591966,106.31653594970703
6,7,1631647992.1630092,1631647993.4147623,100.94254302978516
7,8,1631647993.4185016,1631647994.38003,101.1478500366211
8,9,1631647994.3825989,1631647994.9076104,103.87025451660156
