,iteration,start_time,end_time,val_mse
0,1,1631653613.2562127,1631653618.3377225,1802.6136474609375
1,2,1631653618.3406518,1631653624.78739,1807.705078125
2,3,1631653624.7906916,1631653633.734285,1818.603759765625
3,4,1631653633.7376876,1631653641.6774924,1813.660888671875
4,5,1631653641.6813703,1631653650.5346646,1795.611572265625
5,6,1631653650.5380645,1631653657.8778727,1789.9210205078125
6,7,1631653657.881206,1631653664.1158628,1810.783447265625
7,8,1631653664.1190503,1631653670.8804023,1792.11962890625
8,9,1631653670.8855052,1631653677.0142539,1792.7381591796875
