,iteration,start_time,end_time,val_mse
0,1,1631654361.3410282,1631654366.407409,1795.8428955078125
1,2,1631654366.4103403,1631654371.4712896,1811.5504150390625
2,3,1631654371.4746919,1631654376.54251,1759.3421630859375
3,4,1631654376.5464127,1631654381.603389,1753.5662841796875
4,5,1631654381.606785,1631654386.6684349,1803.89013671875
5,6,1631654386.671702,1631654391.7479858,1808.728271484375
6,7,1631654391.751385,1631654396.811993,1808.08349609375
7,8,1631654396.8153934,1631654401.9907072,1763.7877197265625
8,9,1631654401.9942021,1631654407.0728402,1796.8980712890625
