,iteration,start_time,end_time,val_mse
0,1,1631655743.7727246,1631655748.8500793,1801.30126953125
1,2,1631655748.8530564,1631655753.3766756,1809.07666015625
2,3,1631655753.3800519,1631655760.1866693,1798.7994384765625
3,4,1631655760.191365,1631655767.577308,1796.990966796875
4,5,1631655767.5810294,1631655774.7233424,1807.518310546875
5,6,1631655774.7264857,1631655783.875989,1799.113037109375
6,7,1631655783.879318,1631655794.6412408,1795.627685546875
7,8,1631655794.6461093,1631655804.4092374,1807.3133544921875
8,9,1631655804.413455,1631655813.9852717,1797.2977294921875
