,iteration,start_time,end_time,val_mse
0,1,1632066513.1606588,1632066521.7843344,105.06145477294922
1,2,1632066521.7920177,1632066531.2132206,102.25042724609375
2,3,1632066531.2227497,1632066541.6969244,106.58653259277344
