,iteration,start_time,end_time,val_mse
0,1,1631647552.6308644,1631647555.1301496,106.74203491210938
1,2,1631647555.1329315,1631647558.2977195,127.9026870727539
2,3,1631647558.3009667,1631647561.0272226,104.29008483886719
3,4,1631647561.0304828,1631647563.3519568,103.22631072998047
4,5,1631647563.3551464,1631647565.5998619,101.81230163574219
5,6,1631647565.6031146,1631647567.7386675,104.09246063232422
6,7,1631647567.741884,1631647568.907845,100.36182403564453
7,8,1631647568.9110594,1631647571.1923983,100.86019897460938
8,9,1631647571.1956315,1631647572.1109822,105.93981170654297
