,iteration,start_time,end_time,val_mse
0,1,1631648017.5713065,1631648020.0636117,105.02568817138672
1,2,1631648020.0664778,1631648022.3009827,128.38839721679688
2,3,1631648022.3042912,1631648025.04362,125.74343872070312
3,4,1631648025.0470045,1631648027.2175076,116.37889099121094
4,5,1631648027.2208831,1631648029.075291,120.88835906982422
5,6,1631648029.07856,1631648031.5475042,108.58595275878906
6,7,1631648031.5512865,1631648034.140764,120.80146789550781
7,8,1631648034.1441836,1631648037.0978785,110.37185668945312
8,9,1631648037.1011379,1631648039.6200008,106.32916259765625
