,iteration,start_time,end_time,val_mse
0,1,1631647735.5461893,1631647738.0356576,112.34137725830078
1,2,1631647738.0385392,1631647740.5936165,112.49671936035156
2,3,1631647740.5969424,1631647744.1992483,112.89203643798828
3,4,1631647744.2047544,1631647747.6659572,132.1060791015625
4,5,1631647747.669679,1631647750.7138362,110.44528198242188
5,6,1631647750.7171016,1631647753.9363978,103.26243591308594
6,7,1631647753.9398158,1631647758.3060176,101.22100067138672
7,8,1631647758.3105316,1631647760.8186893,108.3285903930664
8,9,1631647760.823408,1631647763.9318142,107.60090637207031
