,iteration,start_time,end_time,val_mse
0,1,1631666937.9474392,1631666946.183437,2272.339599609375
1,2,1631666946.186396,1631666953.5077453,2272.05224609375
2,3,1631666953.5110154,1631666964.6927855,2272.0869140625
3,4,1631666964.6975503,1631666978.5839982,2271.83251953125
4,5,1631666978.5874083,1631666994.6114366,2272.079833984375
5,6,1631666994.6165717,1631667011.2057204,2271.71240234375
6,7,1631667011.2107954,1631667029.2229986,2271.878662109375
7,8,1631667029.228183,1631667045.8599007,2271.839599609375
8,9,1631667045.8649554,1631667065.5970016,2271.7666015625
