,iteration,start_time,end_time,val_mse
0,1,1631655862.3958485,1631655867.4621823,1790.6314697265625
1,2,1631655867.4651027,1631655872.9668703,1819.911376953125
2,3,1631655872.9702823,1631655879.3130047,1805.0050048828125
3,4,1631655879.3178194,1631655884.3076715,1811.32666015625
4,5,1631655884.31293,1631655888.8615375,1803.78271484375
5,6,1631655888.8663113,1631655896.3711617,1804.25
6,7,1631655896.3760283,1631655901.5047705,1794.4234619140625
7,8,1631655901.5096064,1631655906.7277107,1793.79248046875
8,9,1631655906.7326984,1631655910.134056,1804.3348388671875
