,iteration,start_time,end_time,val_mse
0,1,1632069391.0368726,1632069419.7462964,2271.73486328125
1,2,1632069419.7541912,1632069449.0780334,2258.5205078125
2,3,1632069449.0876966,1632069482.9468775,2271.991455078125
