,iteration,start_time,end_time,val_mse
0,1,1632066624.8255198,1632066633.4673696,102.7454605102539
1,2,1632066633.4751754,1632066641.8463998,106.73127746582031
2,3,1632066641.8552191,1632066650.2005851,99.53101348876953
