,iteration,start_time,end_time,val_mse
0,1,1631664409.6138637,1631664417.8177862,2273.286376953125
1,2,1631664417.8209865,1631664428.5372815,2272.8798828125
2,3,1631664428.5410693,1631664446.8875554,2271.89697265625
3,4,1631664446.8929417,1631664464.2080932,2268.93994140625
4,5,1631664464.2132359,1631664481.2766118,2271.88427734375
5,6,1631664481.2806027,1631664500.1504169,2271.720458984375
6,7,1631664500.1549394,1631664522.0295894,2271.846435546875
7,8,1631664522.0345688,1631664544.0686493,2271.65283203125
8,9,1631664544.073862,1631664565.8204806,2271.81982421875
