,iteration,start_time,end_time,val_mse
0,1,1631648459.8993142,1631648462.39091,106.68302917480469
1,2,1631648462.3938222,1631648465.2632182,124.23546600341797
2,3,1631648465.2665517,1631648469.4639173,120.65281677246094
3,4,1631648469.4682477,1631648473.0919285,135.69570922851562
4,5,1631648473.0961287,1631648475.2853646,126.40852355957031
5,6,1631648475.2895827,1631648478.1944265,113.09832000732422
6,7,1631648478.1987395,1631648481.2799017,114.98526000976562
7,8,1631648481.2841814,1631648483.4187412,128.05868530273438
8,9,1631648483.4226067,1631648486.5960042,113.90857696533203
