,iteration,start_time,end_time,val_mse
0,1,1632066183.7638354,1632066192.3959043,106.2442398071289
1,2,1632066192.4035926,1632066201.2722924,101.62944793701172
2,3,1632066201.2817068,1632066208.702793,105.68099975585938
