,iteration,start_time,end_time,val_mse
0,1,1632067390.0462263,1632067398.685208,113.04686737060547
1,2,1632067398.6929457,1632067408.9614053,107.72174835205078
2,3,1632067408.9710546,1632067418.088701,112.20893096923828
