,iteration,start_time,end_time,val_mse
0,1,1631664898.6411521,1631664906.9528253,2272.414794921875
1,2,1631664906.9565382,1631664915.3470657,2259.46142578125
2,3,1631664915.3507082,1631664929.7480607,2272.289306640625
3,4,1631664929.7538042,1631664944.1892138,2272.724853515625
4,5,1631664944.1944358,1631664955.4924934,2273.66943359375
5,6,1631664955.4959323,1631664968.9463637,2271.950927734375
6,7,1631664968.9498346,1631664983.971848,2273.63671875
7,8,1631664983.9776542,1631664998.1456072,2272.2607421875
8,9,1631664998.1490486,1631665011.0019662,2271.989501953125
