,iteration,start_time,end_time,val_mse
0,1,1631648365.82418,1631648368.3198476,125.86079406738281
1,2,1631648368.3227386,1631648370.554354,105.63323211669922
2,3,1631648370.5574543,1631648373.1514568,115.40577697753906
3,4,1631648373.1547236,1631648376.6976926,109.92404174804688
4,5,1631648376.7010105,1631648379.374998,106.30925750732422
5,6,1631648379.3779593,1631648381.2467453,104.20201110839844
6,7,1631648381.2496717,1631648382.7606378,100.96791076660156
7,8,1631648382.7641776,1631648383.348617,104.2903823852539
8,9,1631648383.3516216,1631648383.658559,103.1784896850586
